wall_offset_s,seq_id,outcome
6.8085,1,ack
7.2022,2,ack
7.5947,3,ack
7.9901,4,ack
8.381,5,ack
9.0634,6,ack
9.4565,7,ack
9.8488,8,ack
10.3264,9,ack
10.711,10,ack
11.1049,11,ack
11.5275,12,ack
11.9221,13,ack
12.5765,14,ack
12.9572,15,ack
13.3574,16,ack
13.8469,17,ack
14.2503,18,ack
14.6729,19,ack
15.0621,20,ack
15.452,21,ack
15.8363,22,ack
16.246,23,ack
16.653,24,ack
17.1298,25,ack
17.5161,26,ack
17.9095,27,ack
18.3423,28,ack
18.7348,29,ack
19.1145,30,ack
19.5008,31,ack
19.9151,32,ack
20.3097,33,ack
20.6864,34,ack
21.0756,35,ack
21.49,36,ack
21.8743,37,ack
22.2773,38,ack
22.6699,39,ack
23.0637,40,ack
23.4507,41,ack
23.8414,42,ack
24.2158,43,ack
24.6356,44,ack
25.0274,45,ack
25.4122,46,ack
25.7973,47,ack
26.2052,48,ack
26.5959,49,ack
26.9812,50,ack
27.3709,51,ack
27.7806,52,ack
28.1661,53,ack
28.5509,54,ack
28.9417,55,ack
37.2605,56,ambiguous
44.6764,57,ambiguous
52.0261,58,ambiguous
61.5234,59,ack
61.8999,60,ack
62.2749,61,ack
62.7342,62,ack
63.1346,63,ack
63.7889,64,ack
64.1693,65,ack
64.5542,66,ack
65.0049,67,ack
65.3821,68,ack
65.7564,69,ack
66.1285,70,ack
66.5773,71,ack
66.949,72,ack
67.322,73,ack
67.7005,74,ack
68.1508,75,ack
68.523,76,ack
68.9042,77,ack
69.2842,78,ack
69.7232,79,ack
70.1057,80,ack
70.4801,81,ack
70.8568,82,ack
71.2982,83,ack
71.6756,84,ack
72.0596,85,ack
72.4409,86,ack
72.8697,87,ack
73.2374,88,ack
73.7059,89,ack
74.1749,90,ack
74.6502,91,ack
75.1143,92,ack
75.571,93,ack
76.0295,94,ack
76.5394,95,ack
77.0637,96,ack
77.5884,97,ack
78.1126,98,ack
78.6342,99,ack
79.1596,100,ack
79.6822,101,ack
80.21,102,ack
80.7369,103,ack
81.2584,104,ack
81.7832,105,ack
82.3055,106,ack
82.8287,107,ack
83.3531,108,ack
83.8795,109,ack
84.4031,110,ack
84.9294,111,ack
85.4486,112,ack
85.9796,113,ack
86.5012,114,ack
87.0254,115,ack
87.5496,116,ack
88.0733,117,ack
88.598,118,ack
89.1666,119,ack
89.6409,120,ack
90.1712,121,ack
90.6925,122,ack
91.2232,123,ack
91.7496,124,ack
92.2687,125,ack
92.7925,126,ack
93.316,127,ack
93.8411,128,ack
94.3659,129,ack
94.889,130,ack
95.4181,131,ack
95.9409,132,ack
96.4627,133,ack
96.9881,134,ack
97.5103,135,ack
98.0358,136,ack
98.5605,137,ack
99.0829,138,ack
99.6099,139,ack
100.1274,140,ack
100.655,141,ack
101.1828,142,ack
101.7099,143,ack
102.2296,144,ack
102.7534,145,ack
103.2797,146,ack
103.8033,147,ack
104.3276,148,ack
104.8498,149,ack
105.3735,150,ack
105.9015,151,ack
106.4284,152,ack
106.9475,153,ack
107.474,154,ack
107.9965,155,ack
108.5225,156,ack
109.0462,157,ack
109.5638,158,ack
110.0949,159,ack
110.6146,160,ack
111.146,161,ack
111.6746,162,ack
112.1915,163,ack
112.7148,164,ack
113.2406,165,ack
113.7622,166,ack
114.3658,167,ack
114.826,168,ack
