run_id,engine,category,profile_name,git_revision,started_utc,finished_utc,ts_utc,source,destination,source_region,destination_region,samples,loss_pct,rtt_min_ms,rtt_mean_ms,rtt_p50_ms,rtt_p95_ms,rtt_p99_ms,rtt_max_ms,rtt_mdev_ms,rtt_resolution_ms
20260905T202859Z_p1-network,cockroachdb,network,thesis-extended,f4e8357c79a5ac7a69f21cf0b607ef79f3c48eec,2026-09-05T20:28:59.171191Z,2026-09-05T20:29:44.188786Z,2026-09-05T20:29:44.185131Z,crdb-linode-1,crdb-azure-1,us-east,centralindia,100,0.0,210.735,210.874,211.0,211.0,211.0,211.251,0.106,1.0
20260905T202859Z_p1-network,cockroachdb,network,thesis-extended,f4e8357c79a5ac7a69f21cf0b607ef79f3c48eec,2026-09-05T20:28:59.171191Z,2026-09-05T20:29:44.188786Z,2026-09-05T20:29:44.185131Z,crdb-linode-1,crdb-azure-2,us-east,eastasia,100,0.0,200.661,200.84,201.0,201.0,201.0,201.493,0.159,1.0
20260905T202859Z_p1-network,cockroachdb,network,thesis-extended,f4e8357c79a5ac7a69f21cf0b607ef79f3c48eec,2026-09-05T20:28:59.171191Z,2026-09-05T20:29:44.188786Z,2026-09-05T20:29:44.185131Z,crdb-linode-1,crdb-gcp-1,us-east,us-east1,100,0.0,24.418,24.641,24.6,24.8,24.8,24.843,0.1,0.1
20260905T202859Z_p1-network,cockroachdb,network,thesis-extended,f4e8357c79a5ac7a69f21cf0b607ef79f3c48eec,2026-09-05T20:28:59.171191Z,2026-09-05T20:29:44.188786Z,2026-09-05T20:29:44.185131Z,crdb-linode-1,crdb-linode-2,us-east,us-west,100,0.0,68.393,68.836,68.7,69.9,71.1,72.153,0.544,0.1
20260905T202859Z_p1-network,cockroachdb,network,thesis-extended,f4e8357c79a5ac7a69f21cf0b607ef79f3c48eec,2026-09-05T20:28:59.171191Z,2026-09-05T20:29:44.188786Z,2026-09-05T20:29:44.185131Z,crdb-linode-2,crdb-azure-1,us-west,centralindia,100,0.0,229.91,230.109,230.0,230.0,230.0,232.808,0.286,1.0
20260905T202859Z_p1-network,cockroachdb,network,thesis-extended,f4e8357c79a5ac7a69f21cf0b607ef79f3c48eec,2026-09-05T20:28:59.171191Z,2026-09-05T20:29:44.188786Z,2026-09-05T20:29:44.185131Z,crdb-linode-2,crdb-azure-2,us-west,eastasia,100,0.0,149.121,149.787,149.0,153.0,159.0,160.223,1.802,1.0
20260905T202859Z_p1-network,cockroachdb,network,thesis-extended,f4e8357c79a5ac7a69f21cf0b607ef79f3c48eec,2026-09-05T20:28:59.171191Z,2026-09-05T20:29:44.188786Z,2026-09-05T20:29:44.185131Z,crdb-linode-2,crdb-gcp-1,us-west,us-east1,100,0.0,69.342,69.642,69.5,69.8,69.8,79.026,0.949,0.1
20260905T202859Z_p1-network,cockroachdb,network,thesis-extended,f4e8357c79a5ac7a69f21cf0b607ef79f3c48eec,2026-09-05T20:28:59.171191Z,2026-09-05T20:29:44.188786Z,2026-09-05T20:29:44.185131Z,crdb-linode-2,crdb-linode-1,us-west,us-east,100,0.0,68.454,69.135,68.8,70.6,78.0,84.017,1.841,0.1
20260905T202859Z_p1-network,cockroachdb,network,thesis-extended,f4e8357c79a5ac7a69f21cf0b607ef79f3c48eec,2026-09-05T20:28:59.171191Z,2026-09-05T20:29:44.188786Z,2026-09-05T20:29:44.185131Z,crdb-azure-1,crdb-azure-2,centralindia,eastasia,100,0.0,85.828,85.934,85.9,86.1,86.3,86.454,0.089,0.1
20260905T202859Z_p1-network,cockroachdb,network,thesis-extended,f4e8357c79a5ac7a69f21cf0b607ef79f3c48eec,2026-09-05T20:28:59.171191Z,2026-09-05T20:29:44.188786Z,2026-09-05T20:29:44.185131Z,crdb-azure-1,crdb-gcp-1,centralindia,us-east1,100,0.0,219.017,219.197,219.0,219.0,219.0,219.64,0.1,1.0
20260905T202859Z_p1-network,cockroachdb,network,thesis-extended,f4e8357c79a5ac7a69f21cf0b607ef79f3c48eec,2026-09-05T20:28:59.171191Z,2026-09-05T20:29:44.188786Z,2026-09-05T20:29:44.185131Z,crdb-azure-1,crdb-linode-1,centralindia,us-east,100,0.0,210.7,211.345,211.0,213.0,220.0,223.91,1.945,1.0
20260905T202859Z_p1-network,cockroachdb,network,thesis-extended,f4e8357c79a5ac7a69f21cf0b607ef79f3c48eec,2026-09-05T20:28:59.171191Z,2026-09-05T20:29:44.188786Z,2026-09-05T20:29:44.185131Z,crdb-azure-1,crdb-linode-2,centralindia,us-west,100,0.0,229.938,230.096,230.0,230.0,230.0,230.494,0.119,1.0
20260905T202859Z_p1-network,cockroachdb,network,thesis-extended,f4e8357c79a5ac7a69f21cf0b607ef79f3c48eec,2026-09-05T20:28:59.171191Z,2026-09-05T20:29:44.188786Z,2026-09-05T20:29:44.185131Z,crdb-azure-2,crdb-azure-1,eastasia,centralindia,100,0.0,85.824,85.908,85.9,86.0,86.1,86.19,0.054,0.1
20260905T202859Z_p1-network,cockroachdb,network,thesis-extended,f4e8357c79a5ac7a69f21cf0b607ef79f3c48eec,2026-09-05T20:28:59.171191Z,2026-09-05T20:29:44.188786Z,2026-09-05T20:29:44.185131Z,crdb-azure-2,crdb-gcp-1,eastasia,us-east1,100,0.0,197.584,197.82,198.0,198.0,200.0,199.972,0.309,1.0
20260905T202859Z_p1-network,cockroachdb,network,thesis-extended,f4e8357c79a5ac7a69f21cf0b607ef79f3c48eec,2026-09-05T20:28:59.171191Z,2026-09-05T20:29:44.188786Z,2026-09-05T20:29:44.185131Z,crdb-azure-2,crdb-linode-1,eastasia,us-east,100,0.0,200.623,200.884,201.0,201.0,203.0,204.03,0.419,1.0
20260905T202859Z_p1-network,cockroachdb,network,thesis-extended,f4e8357c79a5ac7a69f21cf0b607ef79f3c48eec,2026-09-05T20:28:59.171191Z,2026-09-05T20:29:44.188786Z,2026-09-05T20:29:44.185131Z,crdb-azure-2,crdb-linode-2,eastasia,us-west,100,0.0,149.12,149.309,149.0,150.0,150.0,149.661,0.114,1.0
20260905T202859Z_p1-network,cockroachdb,network,thesis-extended,f4e8357c79a5ac7a69f21cf0b607ef79f3c48eec,2026-09-05T20:28:59.171191Z,2026-09-05T20:29:44.188786Z,2026-09-05T20:29:44.185131Z,crdb-gcp-1,crdb-azure-1,us-east1,centralindia,100,0.0,219.055,219.218,219.0,219.0,220.0,219.643,0.094,1.0
20260905T202859Z_p1-network,cockroachdb,network,thesis-extended,f4e8357c79a5ac7a69f21cf0b607ef79f3c48eec,2026-09-05T20:28:59.171191Z,2026-09-05T20:29:44.188786Z,2026-09-05T20:29:44.185131Z,crdb-gcp-1,crdb-azure-2,us-east1,eastasia,100,0.0,197.61,197.807,198.0,198.0,198.0,198.429,0.107,1.0
20260905T202859Z_p1-network,cockroachdb,network,thesis-extended,f4e8357c79a5ac7a69f21cf0b607ef79f3c48eec,2026-09-05T20:28:59.171191Z,2026-09-05T20:29:44.188786Z,2026-09-05T20:29:44.185131Z,crdb-gcp-1,crdb-linode-1,us-east1,us-east,100,0.0,24.119,24.792,24.6,26.1,27.1,31.477,0.846,0.1
20260905T202859Z_p1-network,cockroachdb,network,thesis-extended,f4e8357c79a5ac7a69f21cf0b607ef79f3c48eec,2026-09-05T20:28:59.171191Z,2026-09-05T20:29:44.188786Z,2026-09-05T20:29:44.185131Z,crdb-gcp-1,crdb-linode-2,us-east1,us-west,100,0.0,69.406,69.662,69.6,69.9,70.3,70.705,0.169,0.1
20260907T050452Z_p1-network,cockroachdb,network,thesis-extended,01ff85c294945c8138a8326bbe68c7055b3604d1,2026-09-07T05:04:52.846343Z,2026-09-07T05:05:38.524652Z,2026-09-07T05:05:38.521160Z,crdb-linode-1,crdb-azure-1,us-east,centralindia,100,0.0,178.904,179.942,179.0,181.0,200.0,207.676,3.748,1.0
20260907T050452Z_p1-network,cockroachdb,network,thesis-extended,01ff85c294945c8138a8326bbe68c7055b3604d1,2026-09-07T05:04:52.846343Z,2026-09-07T05:05:38.524652Z,2026-09-07T05:05:38.521160Z,crdb-linode-1,crdb-azure-2,us-east,eastasia,100,0.0,199.407,200.586,200.0,208.0,211.0,217.719,2.933,1.0
20260907T050452Z_p1-network,cockroachdb,network,thesis-extended,01ff85c294945c8138a8326bbe68c7055b3604d1,2026-09-07T05:04:52.846343Z,2026-09-07T05:05:38.524652Z,2026-09-07T05:05:38.521160Z,crdb-linode-1,crdb-gcp-1,us-east,us-east1,100,0.0,24.004,24.256,24.3,24.5,24.6,24.607,0.123,0.1
20260907T050452Z_p1-network,cockroachdb,network,thesis-extended,01ff85c294945c8138a8326bbe68c7055b3604d1,2026-09-07T05:04:52.846343Z,2026-09-07T05:05:38.524652Z,2026-09-07T05:05:38.521160Z,crdb-linode-1,crdb-linode-2,us-east,us-west,100,0.0,69.147,69.344,69.3,69.5,69.8,69.799,0.111,0.1
20260907T050452Z_p1-network,cockroachdb,network,thesis-extended,01ff85c294945c8138a8326bbe68c7055b3604d1,2026-09-07T05:04:52.846343Z,2026-09-07T05:05:38.524652Z,2026-09-07T05:05:38.521160Z,crdb-linode-2,crdb-azure-1,us-west,centralindia,100,0.0,240.281,240.459,240.0,241.0,241.0,241.216,0.172,1.0
20260907T050452Z_p1-network,cockroachdb,network,thesis-extended,01ff85c294945c8138a8326bbe68c7055b3604d1,2026-09-07T05:04:52.846343Z,2026-09-07T05:05:38.524652Z,2026-09-07T05:05:38.521160Z,crdb-linode-2,crdb-azure-2,us-west,eastasia,100,0.0,153.284,153.441,153.0,154.0,154.0,153.912,0.12,1.0
20260907T050452Z_p1-network,cockroachdb,network,thesis-extended,01ff85c294945c8138a8326bbe68c7055b3604d1,2026-09-07T05:04:52.846343Z,2026-09-07T05:05:38.524652Z,2026-09-07T05:05:38.521160Z,crdb-linode-2,crdb-gcp-1,us-west,us-east1,100,0.0,69.825,70.086,70.1,70.3,70.4,71.533,0.182,0.1
20260907T050452Z_p1-network,cockroachdb,network,thesis-extended,01ff85c294945c8138a8326bbe68c7055b3604d1,2026-09-07T05:04:52.846343Z,2026-09-07T05:05:38.524652Z,2026-09-07T05:05:38.521160Z,crdb-linode-2,crdb-linode-1,us-west,us-east,100,0.0,69.182,69.377,69.3,69.6,69.7,69.854,0.123,0.1
20260907T050452Z_p1-network,cockroachdb,network,thesis-extended,01ff85c294945c8138a8326bbe68c7055b3604d1,2026-09-07T05:04:52.846343Z,2026-09-07T05:05:38.524652Z,2026-09-07T05:05:38.521160Z,crdb-azure-1,crdb-azure-2,centralindia,eastasia,100,0.0,87.342,87.434,87.4,87.6,87.7,87.732,0.079,0.1
20260907T050452Z_p1-network,cockroachdb,network,thesis-extended,01ff85c294945c8138a8326bbe68c7055b3604d1,2026-09-07T05:04:52.846343Z,2026-09-07T05:05:38.524652Z,2026-09-07T05:05:38.521160Z,crdb-azure-1,crdb-gcp-1,centralindia,us-east1,100,0.0,211.529,211.855,212.0,212.0,214.0,215.339,0.504,1.0
20260907T050452Z_p1-network,cockroachdb,network,thesis-extended,01ff85c294945c8138a8326bbe68c7055b3604d1,2026-09-07T05:04:52.846343Z,2026-09-07T05:05:38.524652Z,2026-09-07T05:05:38.521160Z,crdb-azure-1,crdb-linode-1,centralindia,us-east,100,0.0,178.895,179.257,179.0,180.0,181.0,182.357,0.488,1.0
20260907T050452Z_p1-network,cockroachdb,network,thesis-extended,01ff85c294945c8138a8326bbe68c7055b3604d1,2026-09-07T05:04:52.846343Z,2026-09-07T05:05:38.524652Z,2026-09-07T05:05:38.521160Z,crdb-azure-1,crdb-linode-2,centralindia,us-west,100,0.0,240.251,240.418,240.0,241.0,241.0,241.331,0.152,1.0
20260907T050452Z_p1-network,cockroachdb,network,thesis-extended,01ff85c294945c8138a8326bbe68c7055b3604d1,2026-09-07T05:04:52.846343Z,2026-09-07T05:05:38.524652Z,2026-09-07T05:05:38.521160Z,crdb-azure-2,crdb-azure-1,eastasia,centralindia,100,0.0,87.317,87.458,87.4,87.6,88.2,88.202,0.143,0.1
20260907T050452Z_p1-network,cockroachdb,network,thesis-extended,01ff85c294945c8138a8326bbe68c7055b3604d1,2026-09-07T05:04:52.846343Z,2026-09-07T05:05:38.524652Z,2026-09-07T05:05:38.521160Z,crdb-azure-2,crdb-gcp-1,eastasia,us-east1,100,0.0,211.708,211.979,212.0,212.0,212.0,212.356,0.121,1.0
20260907T050452Z_p1-network,cockroachdb,network,thesis-extended,01ff85c294945c8138a8326bbe68c7055b3604d1,2026-09-07T05:04:52.846343Z,2026-09-07T05:05:38.524652Z,2026-09-07T05:05:38.521160Z,crdb-azure-2,crdb-linode-1,eastasia,us-east,100,0.0,199.37,199.711,200.0,200.0,201.0,201.381,0.277,1.0
20260907T050452Z_p1-network,cockroachdb,network,thesis-extended,01ff85c294945c8138a8326bbe68c7055b3604d1,2026-09-07T05:04:52.846343Z,2026-09-07T05:05:38.524652Z,2026-09-07T05:05:38.521160Z,crdb-azure-2,crdb-linode-2,eastasia,us-west,100,0.0,153.265,153.429,153.0,154.0,154.0,153.86,0.114,1.0
20260907T050452Z_p1-network,cockroachdb,network,thesis-extended,01ff85c294945c8138a8326bbe68c7055b3604d1,2026-09-07T05:04:52.846343Z,2026-09-07T05:05:38.524652Z,2026-09-07T05:05:38.521160Z,crdb-gcp-1,crdb-azure-1,us-east1,centralindia,100,0.0,211.585,211.883,212.0,212.0,213.0,212.946,0.239,1.0
20260907T050452Z_p1-network,cockroachdb,network,thesis-extended,01ff85c294945c8138a8326bbe68c7055b3604d1,2026-09-07T05:04:52.846343Z,2026-09-07T05:05:38.524652Z,2026-09-07T05:05:38.521160Z,crdb-gcp-1,crdb-azure-2,us-east1,eastasia,100,0.0,211.683,212.013,212.0,212.0,212.0,212.481,0.141,1.0
20260907T050452Z_p1-network,cockroachdb,network,thesis-extended,01ff85c294945c8138a8326bbe68c7055b3604d1,2026-09-07T05:04:52.846343Z,2026-09-07T05:05:38.524652Z,2026-09-07T05:05:38.521160Z,crdb-gcp-1,crdb-linode-1,us-east1,us-east,100,0.0,24.012,24.328,24.3,24.7,25.3,25.339,0.226,0.1
20260907T050452Z_p1-network,cockroachdb,network,thesis-extended,01ff85c294945c8138a8326bbe68c7055b3604d1,2026-09-07T05:04:52.846343Z,2026-09-07T05:05:38.524652Z,2026-09-07T05:05:38.521160Z,crdb-gcp-1,crdb-linode-2,us-east1,us-west,100,0.0,69.821,70.149,70.2,70.4,70.5,70.84,0.149,0.1
20260907T125825Z_p1-network,cockroachdb,network,thesis-extended,01ff85c294945c8138a8326bbe68c7055b3604d1,2026-09-07T12:58:25.444923Z,2026-09-07T12:59:11.891119Z,2026-09-07T12:59:11.887774Z,crdb-linode-1,crdb-azure-1,us-east,centralindia,100,0.0,178.87,179.768,179.0,182.0,188.0,201.728,2.51,1.0
20260907T125825Z_p1-network,cockroachdb,network,thesis-extended,01ff85c294945c8138a8326bbe68c7055b3604d1,2026-09-07T12:58:25.444923Z,2026-09-07T12:59:11.891119Z,2026-09-07T12:59:11.887774Z,crdb-linode-1,crdb-azure-2,us-east,eastasia,100,0.0,198.884,199.762,199.0,203.0,207.0,208.179,1.612,1.0
20260907T125825Z_p1-network,cockroachdb,network,thesis-extended,01ff85c294945c8138a8326bbe68c7055b3604d1,2026-09-07T12:58:25.444923Z,2026-09-07T12:59:11.891119Z,2026-09-07T12:59:11.887774Z,crdb-linode-1,crdb-gcp-1,us-east,us-east1,100,0.0,26.339,26.533,26.5,26.8,27.1,28.086,0.199,0.1
20260907T125825Z_p1-network,cockroachdb,network,thesis-extended,01ff85c294945c8138a8326bbe68c7055b3604d1,2026-09-07T12:58:25.444923Z,2026-09-07T12:59:11.891119Z,2026-09-07T12:59:11.887774Z,crdb-linode-1,crdb-linode-2,us-east,us-west,100,0.0,66.706,66.994,67.0,67.3,67.6,67.63,0.157,0.1
20260907T125825Z_p1-network,cockroachdb,network,thesis-extended,01ff85c294945c8138a8326bbe68c7055b3604d1,2026-09-07T12:58:25.444923Z,2026-09-07T12:59:11.891119Z,2026-09-07T12:59:11.887774Z,crdb-linode-2,crdb-azure-1,us-west,centralindia,100,0.0,227.316,228.187,228.0,229.0,237.0,246.891,2.288,1.0
20260907T125825Z_p1-network,cockroachdb,network,thesis-extended,01ff85c294945c8138a8326bbe68c7055b3604d1,2026-09-07T12:58:25.444923Z,2026-09-07T12:59:11.891119Z,2026-09-07T12:59:11.887774Z,crdb-linode-2,crdb-azure-2,us-west,eastasia,100,0.0,154.825,155.032,155.0,155.0,156.0,156.29,0.244,1.0
20260907T125825Z_p1-network,cockroachdb,network,thesis-extended,01ff85c294945c8138a8326bbe68c7055b3604d1,2026-09-07T12:58:25.444923Z,2026-09-07T12:59:11.891119Z,2026-09-07T12:59:11.887774Z,crdb-linode-2,crdb-gcp-1,us-west,us-east1,100,0.0,68.065,68.295,68.2,68.5,69.3,71.654,0.368,0.1
20260907T125825Z_p1-network,cockroachdb,network,thesis-extended,01ff85c294945c8138a8326bbe68c7055b3604d1,2026-09-07T12:58:25.444923Z,2026-09-07T12:59:11.891119Z,2026-09-07T12:59:11.887774Z,crdb-linode-2,crdb-linode-1,us-west,us-east,100,0.0,66.732,66.965,66.9,67.2,67.3,67.345,0.133,0.1
20260907T125825Z_p1-network,cockroachdb,network,thesis-extended,01ff85c294945c8138a8326bbe68c7055b3604d1,2026-09-07T12:58:25.444923Z,2026-09-07T12:59:11.891119Z,2026-09-07T12:59:11.887774Z,crdb-azure-1,crdb-azure-2,centralindia,eastasia,100,0.0,86.673,86.786,86.8,87.0,87.2,87.166,0.097,0.1
20260907T125825Z_p1-network,cockroachdb,network,thesis-extended,01ff85c294945c8138a8326bbe68c7055b3604d1,2026-09-07T12:58:25.444923Z,2026-09-07T12:59:11.891119Z,2026-09-07T12:59:11.887774Z,crdb-azure-1,crdb-gcp-1,centralindia,us-east1,100,0.0,214.162,214.419,214.0,215.0,217.0,217.137,0.434,1.0
20260907T125825Z_p1-network,cockroachdb,network,thesis-extended,01ff85c294945c8138a8326bbe68c7055b3604d1,2026-09-07T12:58:25.444923Z,2026-09-07T12:59:11.891119Z,2026-09-07T12:59:11.887774Z,crdb-azure-1,crdb-linode-1,centralindia,us-east,100,0.0,178.888,179.871,179.0,183.0,186.0,192.769,1.846,1.0
20260907T125825Z_p1-network,cockroachdb,network,thesis-extended,01ff85c294945c8138a8326bbe68c7055b3604d1,2026-09-07T12:58:25.444923Z,2026-09-07T12:59:11.891119Z,2026-09-07T12:59:11.887774Z,crdb-azure-1,crdb-linode-2,centralindia,us-west,100,0.0,227.294,227.851,228.0,229.0,230.0,233.438,0.802,1.0
20260907T125825Z_p1-network,cockroachdb,network,thesis-extended,01ff85c294945c8138a8326bbe68c7055b3604d1,2026-09-07T12:58:25.444923Z,2026-09-07T12:59:11.891119Z,2026-09-07T12:59:11.887774Z,crdb-azure-2,crdb-azure-1,eastasia,centralindia,100,0.0,86.665,86.803,86.8,87.1,87.4,87.515,0.136,0.1
20260907T125825Z_p1-network,cockroachdb,network,thesis-extended,01ff85c294945c8138a8326bbe68c7055b3604d1,2026-09-07T12:58:25.444923Z,2026-09-07T12:59:11.891119Z,2026-09-07T12:59:11.887774Z,crdb-azure-2,crdb-gcp-1,eastasia,us-east1,100,0.0,202.982,203.127,203.0,203.0,204.0,205.001,0.236,1.0
20260907T125825Z_p1-network,cockroachdb,network,thesis-extended,01ff85c294945c8138a8326bbe68c7055b3604d1,2026-09-07T12:58:25.444923Z,2026-09-07T12:59:11.891119Z,2026-09-07T12:59:11.887774Z,crdb-azure-2,crdb-linode-1,eastasia,us-east,100,0.0,198.866,199.182,199.0,200.0,201.0,202.55,0.436,1.0
20260907T125825Z_p1-network,cockroachdb,network,thesis-extended,01ff85c294945c8138a8326bbe68c7055b3604d1,2026-09-07T12:58:25.444923Z,2026-09-07T12:59:11.891119Z,2026-09-07T12:59:11.887774Z,crdb-azure-2,crdb-linode-2,eastasia,us-west,100,0.0,154.791,155.005,155.0,155.0,156.0,156.621,0.232,1.0
20260907T125825Z_p1-network,cockroachdb,network,thesis-extended,01ff85c294945c8138a8326bbe68c7055b3604d1,2026-09-07T12:58:25.444923Z,2026-09-07T12:59:11.891119Z,2026-09-07T12:59:11.887774Z,crdb-gcp-1,crdb-azure-1,us-east1,centralindia,100,0.0,214.162,214.413,214.0,215.0,215.0,216.384,0.33,1.0
20260907T125825Z_p1-network,cockroachdb,network,thesis-extended,01ff85c294945c8138a8326bbe68c7055b3604d1,2026-09-07T12:58:25.444923Z,2026-09-07T12:59:11.891119Z,2026-09-07T12:59:11.887774Z,crdb-gcp-1,crdb-azure-2,us-east1,eastasia,100,0.0,202.967,203.093,203.0,203.0,203.0,203.324,0.069,1.0
20260907T125825Z_p1-network,cockroachdb,network,thesis-extended,01ff85c294945c8138a8326bbe68c7055b3604d1,2026-09-07T12:58:25.444923Z,2026-09-07T12:59:11.891119Z,2026-09-07T12:59:11.887774Z,crdb-gcp-1,crdb-linode-1,us-east1,us-east,100,0.0,26.34,26.532,26.5,26.7,26.8,29.289,0.29,0.1
20260907T125825Z_p1-network,cockroachdb,network,thesis-extended,01ff85c294945c8138a8326bbe68c7055b3604d1,2026-09-07T12:58:25.444923Z,2026-09-07T12:59:11.891119Z,2026-09-07T12:59:11.887774Z,crdb-gcp-1,crdb-linode-2,us-east1,us-west,100,0.0,68.034,68.262,68.2,68.5,68.6,68.756,0.119,0.1
20260907T160617Z_p1-network,cockroachdb,network,thesis,01ff85c294945c8138a8326bbe68c7055b3604d1,2026-09-07T16:06:17.045548Z,2026-09-07T16:07:03.459044Z,2026-09-07T16:07:03.455849Z,crdb-linode-1,crdb-azure-1,us-east,centralindia,100,0.0,178.872,179.331,179.0,180.0,181.0,181.375,0.479,1.0
20260907T160617Z_p1-network,cockroachdb,network,thesis,01ff85c294945c8138a8326bbe68c7055b3604d1,2026-09-07T16:06:17.045548Z,2026-09-07T16:07:03.459044Z,2026-09-07T16:07:03.455849Z,crdb-linode-1,crdb-azure-2,us-east,eastasia,100,0.0,200.103,200.333,200.0,201.0,201.0,202.448,0.278,1.0
20260907T160617Z_p1-network,cockroachdb,network,thesis,01ff85c294945c8138a8326bbe68c7055b3604d1,2026-09-07T16:06:17.045548Z,2026-09-07T16:07:03.459044Z,2026-09-07T16:07:03.455849Z,crdb-linode-1,crdb-gcp-1,us-east,us-east1,100,0.0,24.215,24.406,24.4,24.6,24.7,26.065,0.188,0.1
20260907T160617Z_p1-network,cockroachdb,network,thesis,01ff85c294945c8138a8326bbe68c7055b3604d1,2026-09-07T16:06:17.045548Z,2026-09-07T16:07:03.459044Z,2026-09-07T16:07:03.455849Z,crdb-linode-1,crdb-linode-2,us-east,us-west,100,0.0,67.994,68.159,68.1,68.4,68.4,68.481,0.11,0.1
20260907T160617Z_p1-network,cockroachdb,network,thesis,01ff85c294945c8138a8326bbe68c7055b3604d1,2026-09-07T16:06:17.045548Z,2026-09-07T16:07:03.459044Z,2026-09-07T16:07:03.455849Z,crdb-linode-2,crdb-azure-1,us-west,centralindia,100,0.0,227.252,227.78,228.0,228.0,230.0,237.741,1.092,1.0
20260907T160617Z_p1-network,cockroachdb,network,thesis,01ff85c294945c8138a8326bbe68c7055b3604d1,2026-09-07T16:06:17.045548Z,2026-09-07T16:07:03.459044Z,2026-09-07T16:07:03.455849Z,crdb-linode-2,crdb-azure-2,us-west,eastasia,100,0.0,153.941,154.137,154.0,155.0,155.0,155.04,0.211,1.0
20260907T160617Z_p1-network,cockroachdb,network,thesis,01ff85c294945c8138a8326bbe68c7055b3604d1,2026-09-07T16:06:17.045548Z,2026-09-07T16:07:03.459044Z,2026-09-07T16:07:03.455849Z,crdb-linode-2,crdb-gcp-1,us-west,us-east1,100,0.0,68.798,68.975,68.9,69.2,70.4,70.499,0.238,0.1
20260907T160617Z_p1-network,cockroachdb,network,thesis,01ff85c294945c8138a8326bbe68c7055b3604d1,2026-09-07T16:06:17.045548Z,2026-09-07T16:07:03.459044Z,2026-09-07T16:07:03.455849Z,crdb-linode-2,crdb-linode-1,us-west,us-east,100,0.0,67.994,68.177,68.2,68.4,68.5,68.523,0.115,0.1
20260907T160617Z_p1-network,cockroachdb,network,thesis,01ff85c294945c8138a8326bbe68c7055b3604d1,2026-09-07T16:06:17.045548Z,2026-09-07T16:07:03.459044Z,2026-09-07T16:07:03.455849Z,crdb-azure-1,crdb-azure-2,centralindia,eastasia,100,0.0,82.62,82.768,82.7,83.1,83.2,83.298,0.132,0.1
20260907T160617Z_p1-network,cockroachdb,network,thesis,01ff85c294945c8138a8326bbe68c7055b3604d1,2026-09-07T16:06:17.045548Z,2026-09-07T16:07:03.459044Z,2026-09-07T16:07:03.455849Z,crdb-azure-1,crdb-gcp-1,centralindia,us-east1,100,0.0,213.683,213.967,214.0,214.0,216.0,215.913,0.347,1.0
20260907T160617Z_p1-network,cockroachdb,network,thesis,01ff85c294945c8138a8326bbe68c7055b3604d1,2026-09-07T16:06:17.045548Z,2026-09-07T16:07:03.459044Z,2026-09-07T16:07:03.455849Z,crdb-azure-1,crdb-linode-1,centralindia,us-east,100,0.0,178.879,179.64,179.0,183.0,185.0,186.103,1.258,1.0
20260907T160617Z_p1-network,cockroachdb,network,thesis,01ff85c294945c8138a8326bbe68c7055b3604d1,2026-09-07T16:06:17.045548Z,2026-09-07T16:07:03.459044Z,2026-09-07T16:07:03.455849Z,crdb-azure-1,crdb-linode-2,centralindia,us-west,100,0.0,227.264,227.729,228.0,228.0,230.0,237.582,1.074,1.0
20260907T160617Z_p1-network,cockroachdb,network,thesis,01ff85c294945c8138a8326bbe68c7055b3604d1,2026-09-07T16:06:17.045548Z,2026-09-07T16:07:03.459044Z,2026-09-07T16:07:03.455849Z,crdb-azure-2,crdb-azure-1,eastasia,centralindia,100,0.0,82.614,82.815,82.7,83.4,83.9,84.099,0.274,0.1
20260907T160617Z_p1-network,cockroachdb,network,thesis,01ff85c294945c8138a8326bbe68c7055b3604d1,2026-09-07T16:06:17.045548Z,2026-09-07T16:07:03.459044Z,2026-09-07T16:07:03.455849Z,crdb-azure-2,crdb-gcp-1,eastasia,us-east1,100,0.0,202.061,202.241,202.0,202.0,203.0,203.043,0.134,1.0
20260907T160617Z_p1-network,cockroachdb,network,thesis,01ff85c294945c8138a8326bbe68c7055b3604d1,2026-09-07T16:06:17.045548Z,2026-09-07T16:07:03.459044Z,2026-09-07T16:07:03.455849Z,crdb-azure-2,crdb-linode-1,eastasia,us-east,100,0.0,200.086,200.372,200.0,201.0,201.0,201.455,0.278,1.0
20260907T160617Z_p1-network,cockroachdb,network,thesis,01ff85c294945c8138a8326bbe68c7055b3604d1,2026-09-07T16:06:17.045548Z,2026-09-07T16:07:03.459044Z,2026-09-07T16:07:03.455849Z,crdb-azure-2,crdb-linode-2,eastasia,us-west,100,0.0,153.927,154.097,154.0,154.0,155.0,155.397,0.202,1.0
20260907T160617Z_p1-network,cockroachdb,network,thesis,01ff85c294945c8138a8326bbe68c7055b3604d1,2026-09-07T16:06:17.045548Z,2026-09-07T16:07:03.459044Z,2026-09-07T16:07:03.455849Z,crdb-gcp-1,crdb-azure-1,us-east1,centralindia,100,0.0,213.715,213.919,214.0,214.0,215.0,214.633,0.189,1.0
20260907T160617Z_p1-network,cockroachdb,network,thesis,01ff85c294945c8138a8326bbe68c7055b3604d1,2026-09-07T16:06:17.045548Z,2026-09-07T16:07:03.459044Z,2026-09-07T16:07:03.455849Z,crdb-gcp-1,crdb-azure-2,us-east1,eastasia,100,0.0,202.098,202.253,202.0,202.0,203.0,203.172,0.14,1.0
20260907T160617Z_p1-network,cockroachdb,network,thesis,01ff85c294945c8138a8326bbe68c7055b3604d1,2026-09-07T16:06:17.045548Z,2026-09-07T16:07:03.459044Z,2026-09-07T16:07:03.455849Z,crdb-gcp-1,crdb-linode-1,us-east1,us-east,100,0.0,24.231,24.457,24.4,24.7,25.2,26.606,0.257,0.1
20260907T160617Z_p1-network,cockroachdb,network,thesis,01ff85c294945c8138a8326bbe68c7055b3604d1,2026-09-07T16:06:17.045548Z,2026-09-07T16:07:03.459044Z,2026-09-07T16:07:03.455849Z,crdb-gcp-1,crdb-linode-2,us-east1,us-west,100,0.0,68.788,68.979,68.9,69.3,69.5,70.166,0.174,0.1
20260907T230009Z_p1-network,cockroachdb,network,thesis,01ff85c294945c8138a8326bbe68c7055b3604d1,2026-09-07T23:00:09.781730Z,2026-09-07T23:00:55.450427Z,2026-09-07T23:00:55.445999Z,crdb-linode-1,crdb-azure-1,us-east,centralindia,100,0.0,184.392,184.523,185.0,185.0,185.0,185.056,0.096,1.0
20260907T230009Z_p1-network,cockroachdb,network,thesis,01ff85c294945c8138a8326bbe68c7055b3604d1,2026-09-07T23:00:09.781730Z,2026-09-07T23:00:55.450427Z,2026-09-07T23:00:55.445999Z,crdb-linode-1,crdb-azure-2,us-east,eastasia,100,0.0,198.888,199.07,199.0,199.0,199.0,199.96,0.159,1.0
20260907T230009Z_p1-network,cockroachdb,network,thesis,01ff85c294945c8138a8326bbe68c7055b3604d1,2026-09-07T23:00:09.781730Z,2026-09-07T23:00:55.450427Z,2026-09-07T23:00:55.445999Z,crdb-linode-1,crdb-gcp-1,us-east,us-east1,100,0.0,25.125,25.368,25.4,25.6,25.7,25.756,0.126,0.1
20260907T230009Z_p1-network,cockroachdb,network,thesis,01ff85c294945c8138a8326bbe68c7055b3604d1,2026-09-07T23:00:09.781730Z,2026-09-07T23:00:55.450427Z,2026-09-07T23:00:55.445999Z,crdb-linode-1,crdb-linode-2,us-east,us-west,100,0.0,67.339,67.522,67.5,67.7,67.8,67.781,0.1,0.1
20260907T230009Z_p1-network,cockroachdb,network,thesis,01ff85c294945c8138a8326bbe68c7055b3604d1,2026-09-07T23:00:09.781730Z,2026-09-07T23:00:55.450427Z,2026-09-07T23:00:55.445999Z,crdb-linode-2,crdb-azure-1,us-west,centralindia,100,0.0,231.527,231.866,232.0,232.0,234.0,235.48,0.469,1.0
20260907T230009Z_p1-network,cockroachdb,network,thesis,01ff85c294945c8138a8326bbe68c7055b3604d1,2026-09-07T23:00:09.781730Z,2026-09-07T23:00:55.450427Z,2026-09-07T23:00:55.445999Z,crdb-linode-2,crdb-azure-2,us-west,eastasia,100,0.0,153.452,153.682,154.0,154.0,154.0,154.839,0.183,1.0
20260907T230009Z_p1-network,cockroachdb,network,thesis,01ff85c294945c8138a8326bbe68c7055b3604d1,2026-09-07T23:00:09.781730Z,2026-09-07T23:00:55.450427Z,2026-09-07T23:00:55.445999Z,crdb-linode-2,crdb-gcp-1,us-west,us-east1,100,0.0,69.226,69.517,69.5,69.8,69.8,69.813,0.138,0.1
20260907T230009Z_p1-network,cockroachdb,network,thesis,01ff85c294945c8138a8326bbe68c7055b3604d1,2026-09-07T23:00:09.781730Z,2026-09-07T23:00:55.450427Z,2026-09-07T23:00:55.445999Z,crdb-linode-2,crdb-linode-1,us-west,us-east,100,0.0,67.363,67.548,67.5,67.7,67.9,69.337,0.21,0.1
20260907T230009Z_p1-network,cockroachdb,network,thesis,01ff85c294945c8138a8326bbe68c7055b3604d1,2026-09-07T23:00:09.781730Z,2026-09-07T23:00:55.450427Z,2026-09-07T23:00:55.445999Z,crdb-azure-1,crdb-azure-2,centralindia,eastasia,100,0.0,82.955,83.114,83.1,83.4,83.5,83.649,0.144,0.1
20260907T230009Z_p1-network,cockroachdb,network,thesis,01ff85c294945c8138a8326bbe68c7055b3604d1,2026-09-07T23:00:09.781730Z,2026-09-07T23:00:55.450427Z,2026-09-07T23:00:55.445999Z,crdb-azure-1,crdb-gcp-1,centralindia,us-east1,100,0.0,216.973,217.126,217.0,217.0,217.0,217.489,0.094,1.0
20260907T230009Z_p1-network,cockroachdb,network,thesis,01ff85c294945c8138a8326bbe68c7055b3604d1,2026-09-07T23:00:09.781730Z,2026-09-07T23:00:55.450427Z,2026-09-07T23:00:55.445999Z,crdb-azure-1,crdb-linode-1,centralindia,us-east,100,0.0,184.376,184.618,185.0,185.0,188.0,189.288,0.625,1.0
20260907T230009Z_p1-network,cockroachdb,network,thesis,01ff85c294945c8138a8326bbe68c7055b3604d1,2026-09-07T23:00:09.781730Z,2026-09-07T23:00:55.450427Z,2026-09-07T23:00:55.445999Z,crdb-azure-1,crdb-linode-2,centralindia,us-west,100,0.0,231.508,231.719,232.0,232.0,232.0,232.369,0.173,1.0
20260907T230009Z_p1-network,cockroachdb,network,thesis,01ff85c294945c8138a8326bbe68c7055b3604d1,2026-09-07T23:00:09.781730Z,2026-09-07T23:00:55.450427Z,2026-09-07T23:00:55.445999Z,crdb-azure-2,crdb-azure-1,eastasia,centralindia,100,0.0,82.96,83.13,83.1,83.3,83.4,86.009,0.304,0.1
20260907T230009Z_p1-network,cockroachdb,network,thesis,01ff85c294945c8138a8326bbe68c7055b3604d1,2026-09-07T23:00:09.781730Z,2026-09-07T23:00:55.450427Z,2026-09-07T23:00:55.445999Z,crdb-azure-2,crdb-gcp-1,eastasia,us-east1,100,0.0,199.324,199.634,200.0,200.0,200.0,199.992,0.151,1.0
20260907T230009Z_p1-network,cockroachdb,network,thesis,01ff85c294945c8138a8326bbe68c7055b3604d1,2026-09-07T23:00:09.781730Z,2026-09-07T23:00:55.450427Z,2026-09-07T23:00:55.445999Z,crdb-azure-2,crdb-linode-1,eastasia,us-east,100,0.0,198.866,199.148,199.0,199.0,200.0,206.145,0.717,1.0
20260907T230009Z_p1-network,cockroachdb,network,thesis,01ff85c294945c8138a8326bbe68c7055b3604d1,2026-09-07T23:00:09.781730Z,2026-09-07T23:00:55.450427Z,2026-09-07T23:00:55.445999Z,crdb-azure-2,crdb-linode-2,eastasia,us-west,100,0.0,153.434,153.674,154.0,154.0,154.0,155.023,0.186,1.0
20260907T230009Z_p1-network,cockroachdb,network,thesis,01ff85c294945c8138a8326bbe68c7055b3604d1,2026-09-07T23:00:09.781730Z,2026-09-07T23:00:55.450427Z,2026-09-07T23:00:55.445999Z,crdb-gcp-1,crdb-azure-1,us-east1,centralindia,100,0.0,217.006,217.198,217.0,217.0,218.0,217.894,0.123,1.0
20260907T230009Z_p1-network,cockroachdb,network,thesis,01ff85c294945c8138a8326bbe68c7055b3604d1,2026-09-07T23:00:09.781730Z,2026-09-07T23:00:55.450427Z,2026-09-07T23:00:55.445999Z,crdb-gcp-1,crdb-azure-2,us-east1,eastasia,100,0.0,199.298,199.649,200.0,200.0,200.0,200.147,0.172,1.0
20260907T230009Z_p1-network,cockroachdb,network,thesis,01ff85c294945c8138a8326bbe68c7055b3604d1,2026-09-07T23:00:09.781730Z,2026-09-07T23:00:55.450427Z,2026-09-07T23:00:55.445999Z,crdb-gcp-1,crdb-linode-1,us-east1,us-east,100,0.0,25.068,25.363,25.3,25.6,26.3,26.416,0.184,0.1
20260907T230009Z_p1-network,cockroachdb,network,thesis,01ff85c294945c8138a8326bbe68c7055b3604d1,2026-09-07T23:00:09.781730Z,2026-09-07T23:00:55.450427Z,2026-09-07T23:00:55.445999Z,crdb-gcp-1,crdb-linode-2,us-east1,us-west,100,0.0,69.209,69.508,69.5,69.8,70.3,70.967,0.23,0.1
20260908T001559Z_p1-network,cockroachdb,network,thesis,01ff85c294945c8138a8326bbe68c7055b3604d1,2026-09-08T00:15:59.124754Z,2026-09-08T00:16:44.320413Z,2026-09-08T00:16:44.315184Z,crdb-linode-1,crdb-azure-1,us-east,centralindia,100,0.0,177.959,178.42,178.0,179.0,187.0,189.633,1.477,1.0
20260908T001559Z_p1-network,cockroachdb,network,thesis,01ff85c294945c8138a8326bbe68c7055b3604d1,2026-09-08T00:15:59.124754Z,2026-09-08T00:16:44.320413Z,2026-09-08T00:16:44.315184Z,crdb-linode-1,crdb-azure-2,us-east,eastasia,100,0.0,198.852,199.063,199.0,199.0,200.0,199.838,0.18,1.0
20260908T001559Z_p1-network,cockroachdb,network,thesis,01ff85c294945c8138a8326bbe68c7055b3604d1,2026-09-08T00:15:59.124754Z,2026-09-08T00:16:44.320413Z,2026-09-08T00:16:44.315184Z,crdb-linode-1,crdb-gcp-1,us-east,us-east1,100,0.0,24.716,24.933,24.9,25.1,25.3,25.466,0.117,0.1
20260908T001559Z_p1-network,cockroachdb,network,thesis,01ff85c294945c8138a8326bbe68c7055b3604d1,2026-09-08T00:15:59.124754Z,2026-09-08T00:16:44.320413Z,2026-09-08T00:16:44.315184Z,crdb-linode-1,crdb-linode-2,us-east,us-west,100,0.0,68.58,68.83,68.8,69.1,69.2,69.252,0.145,0.1
20260908T001559Z_p1-network,cockroachdb,network,thesis,01ff85c294945c8138a8326bbe68c7055b3604d1,2026-09-08T00:15:59.124754Z,2026-09-08T00:16:44.320413Z,2026-09-08T00:16:44.315184Z,crdb-linode-2,crdb-azure-1,us-west,centralindia,100,0.0,229.323,229.467,229.0,230.0,230.0,229.885,0.095,1.0
20260908T001559Z_p1-network,cockroachdb,network,thesis,01ff85c294945c8138a8326bbe68c7055b3604d1,2026-09-08T00:15:59.124754Z,2026-09-08T00:16:44.320413Z,2026-09-08T00:16:44.315184Z,crdb-linode-2,crdb-azure-2,us-west,eastasia,100,0.0,153.533,153.705,154.0,154.0,154.0,154.288,0.164,1.0
20260908T001559Z_p1-network,cockroachdb,network,thesis,01ff85c294945c8138a8326bbe68c7055b3604d1,2026-09-08T00:15:59.124754Z,2026-09-08T00:16:44.320413Z,2026-09-08T00:16:44.315184Z,crdb-linode-2,crdb-gcp-1,us-west,us-east1,100,0.0,68.754,69.045,69.0,69.3,69.7,71.558,0.296,0.1
20260908T001559Z_p1-network,cockroachdb,network,thesis,01ff85c294945c8138a8326bbe68c7055b3604d1,2026-09-08T00:15:59.124754Z,2026-09-08T00:16:44.320413Z,2026-09-08T00:16:44.315184Z,crdb-linode-2,crdb-linode-1,us-west,us-east,100,0.0,68.593,68.798,68.7,69.0,69.2,71.844,0.326,0.1
20260908T001559Z_p1-network,cockroachdb,network,thesis,01ff85c294945c8138a8326bbe68c7055b3604d1,2026-09-08T00:15:59.124754Z,2026-09-08T00:16:44.320413Z,2026-09-08T00:16:44.315184Z,crdb-azure-1,crdb-azure-2,centralindia,eastasia,100,0.0,82.25,82.46,82.4,82.7,82.8,84.121,0.223,0.1
20260908T001559Z_p1-network,cockroachdb,network,thesis,01ff85c294945c8138a8326bbe68c7055b3604d1,2026-09-08T00:15:59.124754Z,2026-09-08T00:16:44.320413Z,2026-09-08T00:16:44.315184Z,crdb-azure-1,crdb-gcp-1,centralindia,us-east1,100,0.0,216.862,217.121,217.0,217.0,218.0,217.956,0.182,1.0
20260908T001559Z_p1-network,cockroachdb,network,thesis,01ff85c294945c8138a8326bbe68c7055b3604d1,2026-09-08T00:15:59.124754Z,2026-09-08T00:16:44.320413Z,2026-09-08T00:16:44.315184Z,crdb-azure-1,crdb-linode-1,centralindia,us-east,100,0.0,177.922,178.168,178.0,178.0,179.0,182.807,0.488,1.0
20260908T001559Z_p1-network,cockroachdb,network,thesis,01ff85c294945c8138a8326bbe68c7055b3604d1,2026-09-08T00:15:59.124754Z,2026-09-08T00:16:44.320413Z,2026-09-08T00:16:44.315184Z,crdb-azure-1,crdb-linode-2,centralindia,us-west,100,0.0,229.321,229.459,229.0,230.0,230.0,230.029,0.106,1.0
20260908T001559Z_p1-network,cockroachdb,network,thesis,01ff85c294945c8138a8326bbe68c7055b3604d1,2026-09-08T00:15:59.124754Z,2026-09-08T00:16:44.320413Z,2026-09-08T00:16:44.315184Z,crdb-azure-2,crdb-azure-1,eastasia,centralindia,100,0.0,82.254,82.454,82.4,82.7,83.0,84.568,0.253,0.1
20260908T001559Z_p1-network,cockroachdb,network,thesis,01ff85c294945c8138a8326bbe68c7055b3604d1,2026-09-08T00:15:59.124754Z,2026-09-08T00:16:44.320413Z,2026-09-08T00:16:44.315184Z,crdb-azure-2,crdb-gcp-1,eastasia,us-east1,100,0.0,199.235,199.523,199.0,200.0,200.0,200.334,0.174,1.0
20260908T001559Z_p1-network,cockroachdb,network,thesis,01ff85c294945c8138a8326bbe68c7055b3604d1,2026-09-08T00:15:59.124754Z,2026-09-08T00:16:44.320413Z,2026-09-08T00:16:44.315184Z,crdb-azure-2,crdb-linode-1,eastasia,us-east,100,0.0,198.84,199.137,199.0,199.0,199.0,204.509,0.556,1.0
20260908T001559Z_p1-network,cockroachdb,network,thesis,01ff85c294945c8138a8326bbe68c7055b3604d1,2026-09-08T00:15:59.124754Z,2026-09-08T00:16:44.320413Z,2026-09-08T00:16:44.315184Z,crdb-azure-2,crdb-linode-2,eastasia,us-west,100,0.0,153.464,153.676,154.0,154.0,154.0,154.879,0.157,1.0
20260908T001559Z_p1-network,cockroachdb,network,thesis,01ff85c294945c8138a8326bbe68c7055b3604d1,2026-09-08T00:15:59.124754Z,2026-09-08T00:16:44.320413Z,2026-09-08T00:16:44.315184Z,crdb-gcp-1,crdb-azure-1,us-east1,centralindia,100,0.0,216.907,217.13,217.0,217.0,218.0,217.661,0.124,1.0
20260908T001559Z_p1-network,cockroachdb,network,thesis,01ff85c294945c8138a8326bbe68c7055b3604d1,2026-09-08T00:15:59.124754Z,2026-09-08T00:16:44.320413Z,2026-09-08T00:16:44.315184Z,crdb-gcp-1,crdb-azure-2,us-east1,eastasia,100,0.0,199.256,199.609,200.0,200.0,200.0,201.527,0.265,1.0
20260908T001559Z_p1-network,cockroachdb,network,thesis,01ff85c294945c8138a8326bbe68c7055b3604d1,2026-09-08T00:15:59.124754Z,2026-09-08T00:16:44.320413Z,2026-09-08T00:16:44.315184Z,crdb-gcp-1,crdb-linode-1,us-east1,us-east,100,0.0,24.574,24.998,25.0,25.2,25.5,25.896,0.163,0.1
20260908T001559Z_p1-network,cockroachdb,network,thesis,01ff85c294945c8138a8326bbe68c7055b3604d1,2026-09-08T00:15:59.124754Z,2026-09-08T00:16:44.320413Z,2026-09-08T00:16:44.315184Z,crdb-gcp-1,crdb-linode-2,us-east1,us-west,100,0.0,68.82,69.061,69.0,69.3,70.0,70.62,0.228,0.1
20260908T014317Z_p1-network,cockroachdb,network,thesis,081437cb6cc2ba295d0eed98d5c7fc48361b28c0,2026-09-08T01:43:17.440973Z,2026-09-08T01:44:02.867094Z,2026-09-08T01:44:02.863156Z,crdb-linode-1,crdb-azure-1,us-east,centralindia,100,0.0,178.845,179.108,179.0,180.0,181.0,181.406,0.405,1.0
20260908T014317Z_p1-network,cockroachdb,network,thesis,081437cb6cc2ba295d0eed98d5c7fc48361b28c0,2026-09-08T01:43:17.440973Z,2026-09-08T01:44:02.867094Z,2026-09-08T01:44:02.863156Z,crdb-linode-1,crdb-azure-2,us-east,eastasia,100,0.0,198.89,199.13,199.0,199.0,200.0,205.698,0.678,1.0
20260908T014317Z_p1-network,cockroachdb,network,thesis,081437cb6cc2ba295d0eed98d5c7fc48361b28c0,2026-09-08T01:43:17.440973Z,2026-09-08T01:44:02.867094Z,2026-09-08T01:44:02.863156Z,crdb-linode-1,crdb-gcp-1,us-east,us-east1,100,0.0,24.171,24.379,24.4,24.5,24.6,25.051,0.116,0.1
20260908T014317Z_p1-network,cockroachdb,network,thesis,081437cb6cc2ba295d0eed98d5c7fc48361b28c0,2026-09-08T01:43:17.440973Z,2026-09-08T01:44:02.867094Z,2026-09-08T01:44:02.863156Z,crdb-linode-1,crdb-linode-2,us-east,us-west,100,0.0,68.564,68.767,68.8,68.9,69.1,69.307,0.109,0.1
20260908T014317Z_p1-network,cockroachdb,network,thesis,081437cb6cc2ba295d0eed98d5c7fc48361b28c0,2026-09-08T01:43:17.440973Z,2026-09-08T01:44:02.867094Z,2026-09-08T01:44:02.863156Z,crdb-linode-2,crdb-azure-1,us-west,centralindia,100,0.0,229.467,229.622,230.0,230.0,230.0,230.436,0.155,1.0
20260908T014317Z_p1-network,cockroachdb,network,thesis,081437cb6cc2ba295d0eed98d5c7fc48361b28c0,2026-09-08T01:43:17.440973Z,2026-09-08T01:44:02.867094Z,2026-09-08T01:44:02.863156Z,crdb-linode-2,crdb-azure-2,us-west,eastasia,100,0.0,153.478,153.692,154.0,154.0,154.0,154.207,0.148,1.0
20260908T014317Z_p1-network,cockroachdb,network,thesis,081437cb6cc2ba295d0eed98d5c7fc48361b28c0,2026-09-08T01:43:17.440973Z,2026-09-08T01:44:02.867094Z,2026-09-08T01:44:02.863156Z,crdb-linode-2,crdb-gcp-1,us-west,us-east1,100,0.0,68.951,69.714,69.2,73.4,73.6,73.698,1.44,0.1
20260908T014317Z_p1-network,cockroachdb,network,thesis,081437cb6cc2ba295d0eed98d5c7fc48361b28c0,2026-09-08T01:43:17.440973Z,2026-09-08T01:44:02.867094Z,2026-09-08T01:44:02.863156Z,crdb-linode-2,crdb-linode-1,us-west,us-east,100,0.0,68.572,68.769,68.7,69.0,69.2,69.271,0.127,0.1
20260908T014317Z_p1-network,cockroachdb,network,thesis,081437cb6cc2ba295d0eed98d5c7fc48361b28c0,2026-09-08T01:43:17.440973Z,2026-09-08T01:44:02.867094Z,2026-09-08T01:44:02.863156Z,crdb-azure-1,crdb-azure-2,centralindia,eastasia,100,0.0,85.48,85.66,85.6,85.9,87.4,87.389,0.293,0.1
20260908T014317Z_p1-network,cockroachdb,network,thesis,081437cb6cc2ba295d0eed98d5c7fc48361b28c0,2026-09-08T01:43:17.440973Z,2026-09-08T01:44:02.867094Z,2026-09-08T01:44:02.863156Z,crdb-azure-1,crdb-gcp-1,centralindia,us-east1,100,0.0,213.75,214.033,214.0,214.0,215.0,214.955,0.169,1.0
20260908T014317Z_p1-network,cockroachdb,network,thesis,081437cb6cc2ba295d0eed98d5c7fc48361b28c0,2026-09-08T01:43:17.440973Z,2026-09-08T01:44:02.867094Z,2026-09-08T01:44:02.863156Z,crdb-azure-1,crdb-linode-1,centralindia,us-east,100,0.0,178.831,178.996,179.0,179.0,179.0,179.853,0.132,1.0
20260908T014317Z_p1-network,cockroachdb,network,thesis,081437cb6cc2ba295d0eed98d5c7fc48361b28c0,2026-09-08T01:43:17.440973Z,2026-09-08T01:44:02.867094Z,2026-09-08T01:44:02.863156Z,crdb-azure-1,crdb-linode-2,centralindia,us-west,100,0.0,229.435,229.582,230.0,230.0,230.0,229.952,0.098,1.0
20260908T014317Z_p1-network,cockroachdb,network,thesis,081437cb6cc2ba295d0eed98d5c7fc48361b28c0,2026-09-08T01:43:17.440973Z,2026-09-08T01:44:02.867094Z,2026-09-08T01:44:02.863156Z,crdb-azure-2,crdb-azure-1,eastasia,centralindia,100,0.0,85.488,85.606,85.6,85.8,85.9,85.93,0.096,0.1
20260908T014317Z_p1-network,cockroachdb,network,thesis,081437cb6cc2ba295d0eed98d5c7fc48361b28c0,2026-09-08T01:43:17.440973Z,2026-09-08T01:44:02.867094Z,2026-09-08T01:44:02.863156Z,crdb-azure-2,crdb-gcp-1,eastasia,us-east1,100,0.0,197.546,197.826,198.0,198.0,198.0,198.333,0.148,1.0
20260908T014317Z_p1-network,cockroachdb,network,thesis,081437cb6cc2ba295d0eed98d5c7fc48361b28c0,2026-09-08T01:43:17.440973Z,2026-09-08T01:44:02.867094Z,2026-09-08T01:44:02.863156Z,crdb-azure-2,crdb-linode-1,eastasia,us-east,100,0.0,198.855,199.117,199.0,199.0,200.0,202.283,0.372,1.0
20260908T014317Z_p1-network,cockroachdb,network,thesis,081437cb6cc2ba295d0eed98d5c7fc48361b28c0,2026-09-08T01:43:17.440973Z,2026-09-08T01:44:02.867094Z,2026-09-08T01:44:02.863156Z,crdb-azure-2,crdb-linode-2,eastasia,us-west,100,0.0,153.468,153.666,154.0,154.0,154.0,153.982,0.111,1.0
20260908T014317Z_p1-network,cockroachdb,network,thesis,081437cb6cc2ba295d0eed98d5c7fc48361b28c0,2026-09-08T01:43:17.440973Z,2026-09-08T01:44:02.867094Z,2026-09-08T01:44:02.863156Z,crdb-gcp-1,crdb-azure-1,us-east1,centralindia,100,0.0,213.813,214.073,214.0,214.0,215.0,215.222,0.176,1.0
20260908T014317Z_p1-network,cockroachdb,network,thesis,081437cb6cc2ba295d0eed98d5c7fc48361b28c0,2026-09-08T01:43:17.440973Z,2026-09-08T01:44:02.867094Z,2026-09-08T01:44:02.863156Z,crdb-gcp-1,crdb-azure-2,us-east1,eastasia,100,0.0,197.566,197.858,198.0,198.0,198.0,198.457,0.167,1.0
20260908T014317Z_p1-network,cockroachdb,network,thesis,081437cb6cc2ba295d0eed98d5c7fc48361b28c0,2026-09-08T01:43:17.440973Z,2026-09-08T01:44:02.867094Z,2026-09-08T01:44:02.863156Z,crdb-gcp-1,crdb-linode-1,us-east1,us-east,100,0.0,24.181,24.443,24.4,24.6,25.3,26.153,0.235,0.1
20260908T014317Z_p1-network,cockroachdb,network,thesis,081437cb6cc2ba295d0eed98d5c7fc48361b28c0,2026-09-08T01:43:17.440973Z,2026-09-08T01:44:02.867094Z,2026-09-08T01:44:02.863156Z,crdb-gcp-1,crdb-linode-2,us-east1,us-west,100,0.0,73.179,73.399,73.4,73.6,73.8,74.091,0.146,0.1
20260908T024817Z_p1-network,cockroachdb,network,thesis,9d2dcf84917da48f6a7ea8ea5d5fcca12cd94578,2026-09-08T02:48:17.682675Z,2026-09-08T02:49:02.874873Z,2026-09-08T02:49:02.871227Z,crdb-linode-1,crdb-azure-1,us-east,centralindia,100,0.0,178.834,179.289,179.0,180.0,185.0,187.216,1.088,1.0
20260908T024817Z_p1-network,cockroachdb,network,thesis,9d2dcf84917da48f6a7ea8ea5d5fcca12cd94578,2026-09-08T02:48:17.682675Z,2026-09-08T02:49:02.874873Z,2026-09-08T02:49:02.871227Z,crdb-linode-1,crdb-azure-2,us-east,eastasia,100,0.0,198.917,199.113,199.0,199.0,201.0,202.456,0.394,1.0
20260908T024817Z_p1-network,cockroachdb,network,thesis,9d2dcf84917da48f6a7ea8ea5d5fcca12cd94578,2026-09-08T02:48:17.682675Z,2026-09-08T02:49:02.874873Z,2026-09-08T02:49:02.871227Z,crdb-linode-1,crdb-gcp-1,us-east,us-east1,100,0.0,24.767,25.019,25.0,25.2,25.3,25.415,0.114,0.1
20260908T024817Z_p1-network,cockroachdb,network,thesis,9d2dcf84917da48f6a7ea8ea5d5fcca12cd94578,2026-09-08T02:48:17.682675Z,2026-09-08T02:49:02.874873Z,2026-09-08T02:49:02.871227Z,crdb-linode-1,crdb-linode-2,us-east,us-west,100,0.0,68.589,68.806,68.7,68.9,69.1,74.817,0.611,0.1
20260908T024817Z_p1-network,cockroachdb,network,thesis,9d2dcf84917da48f6a7ea8ea5d5fcca12cd94578,2026-09-08T02:48:17.682675Z,2026-09-08T02:49:02.874873Z,2026-09-08T02:49:02.871227Z,crdb-linode-2,crdb-azure-1,us-west,centralindia,100,0.0,229.496,229.632,230.0,230.0,230.0,230.019,0.116,1.0
20260908T024817Z_p1-network,cockroachdb,network,thesis,9d2dcf84917da48f6a7ea8ea5d5fcca12cd94578,2026-09-08T02:48:17.682675Z,2026-09-08T02:49:02.874873Z,2026-09-08T02:49:02.871227Z,crdb-linode-2,crdb-azure-2,us-west,eastasia,100,0.0,153.483,153.679,154.0,154.0,154.0,156.314,0.308,1.0
20260908T024817Z_p1-network,cockroachdb,network,thesis,9d2dcf84917da48f6a7ea8ea5d5fcca12cd94578,2026-09-08T02:48:17.682675Z,2026-09-08T02:49:02.874873Z,2026-09-08T02:49:02.871227Z,crdb-linode-2,crdb-gcp-1,us-west,us-east1,100,0.0,68.77,69.024,69.0,69.2,69.4,69.453,0.123,0.1
20260908T024817Z_p1-network,cockroachdb,network,thesis,9d2dcf84917da48f6a7ea8ea5d5fcca12cd94578,2026-09-08T02:48:17.682675Z,2026-09-08T02:49:02.874873Z,2026-09-08T02:49:02.871227Z,crdb-linode-2,crdb-linode-1,us-west,us-east,100,0.0,68.528,68.729,68.7,68.9,68.9,69.177,0.095,0.1
20260908T024817Z_p1-network,cockroachdb,network,thesis,9d2dcf84917da48f6a7ea8ea5d5fcca12cd94578,2026-09-08T02:48:17.682675Z,2026-09-08T02:49:02.874873Z,2026-09-08T02:49:02.871227Z,crdb-azure-1,crdb-azure-2,centralindia,eastasia,100,0.0,85.986,86.112,86.1,86.4,86.5,86.761,0.126,0.1
20260908T024817Z_p1-network,cockroachdb,network,thesis,9d2dcf84917da48f6a7ea8ea5d5fcca12cd94578,2026-09-08T02:48:17.682675Z,2026-09-08T02:49:02.874873Z,2026-09-08T02:49:02.871227Z,crdb-azure-1,crdb-gcp-1,centralindia,us-east1,100,0.0,216.984,217.299,217.0,218.0,218.0,218.057,0.177,1.0
20260908T024817Z_p1-network,cockroachdb,network,thesis,9d2dcf84917da48f6a7ea8ea5d5fcca12cd94578,2026-09-08T02:48:17.682675Z,2026-09-08T02:49:02.874873Z,2026-09-08T02:49:02.871227Z,crdb-azure-1,crdb-linode-1,centralindia,us-east,100,0.0,178.839,179.026,179.0,179.0,180.0,179.842,0.148,1.0
20260908T024817Z_p1-network,cockroachdb,network,thesis,9d2dcf84917da48f6a7ea8ea5d5fcca12cd94578,2026-09-08T02:48:17.682675Z,2026-09-08T02:49:02.874873Z,2026-09-08T02:49:02.871227Z,crdb-azure-1,crdb-linode-2,centralindia,us-west,100,0.0,229.446,229.626,230.0,230.0,230.0,230.458,0.169,1.0
20260908T024817Z_p1-network,cockroachdb,network,thesis,9d2dcf84917da48f6a7ea8ea5d5fcca12cd94578,2026-09-08T02:48:17.682675Z,2026-09-08T02:49:02.874873Z,2026-09-08T02:49:02.871227Z,crdb-azure-2,crdb-azure-1,eastasia,centralindia,100,0.0,86.007,86.174,86.1,86.4,86.9,89.344,0.347,0.1
20260908T024817Z_p1-network,cockroachdb,network,thesis,9d2dcf84917da48f6a7ea8ea5d5fcca12cd94578,2026-09-08T02:48:17.682675Z,2026-09-08T02:49:02.874873Z,2026-09-08T02:49:02.871227Z,crdb-azure-2,crdb-gcp-1,eastasia,us-east1,100,0.0,212.112,212.383,212.0,213.0,213.0,212.722,0.131,1.0
20260908T024817Z_p1-network,cockroachdb,network,thesis,9d2dcf84917da48f6a7ea8ea5d5fcca12cd94578,2026-09-08T02:48:17.682675Z,2026-09-08T02:49:02.874873Z,2026-09-08T02:49:02.871227Z,crdb-azure-2,crdb-linode-1,eastasia,us-east,100,0.0,198.884,199.121,199.0,199.0,200.0,200.228,0.216,1.0
20260908T024817Z_p1-network,cockroachdb,network,thesis,9d2dcf84917da48f6a7ea8ea5d5fcca12cd94578,2026-09-08T02:48:17.682675Z,2026-09-08T02:49:02.874873Z,2026-09-08T02:49:02.871227Z,crdb-azure-2,crdb-linode-2,eastasia,us-west,100,0.0,153.438,153.692,154.0,154.0,154.0,154.263,0.157,1.0
20260908T024817Z_p1-network,cockroachdb,network,thesis,9d2dcf84917da48f6a7ea8ea5d5fcca12cd94578,2026-09-08T02:48:17.682675Z,2026-09-08T02:49:02.874873Z,2026-09-08T02:49:02.871227Z,crdb-gcp-1,crdb-azure-1,us-east1,centralindia,100,0.0,217.049,217.375,217.0,218.0,218.0,218.542,0.172,1.0
20260908T024817Z_p1-network,cockroachdb,network,thesis,9d2dcf84917da48f6a7ea8ea5d5fcca12cd94578,2026-09-08T02:48:17.682675Z,2026-09-08T02:49:02.874873Z,2026-09-08T02:49:02.871227Z,crdb-gcp-1,crdb-azure-2,us-east1,eastasia,100,0.0,212.086,212.456,212.0,213.0,213.0,212.897,0.18,1.0
20260908T024817Z_p1-network,cockroachdb,network,thesis,9d2dcf84917da48f6a7ea8ea5d5fcca12cd94578,2026-09-08T02:48:17.682675Z,2026-09-08T02:49:02.874873Z,2026-09-08T02:49:02.871227Z,crdb-gcp-1,crdb-linode-1,us-east1,us-east,100,0.0,24.701,24.972,25.0,25.2,25.2,25.354,0.105,0.1
20260908T024817Z_p1-network,cockroachdb,network,thesis,9d2dcf84917da48f6a7ea8ea5d5fcca12cd94578,2026-09-08T02:48:17.682675Z,2026-09-08T02:49:02.874873Z,2026-09-08T02:49:02.871227Z,crdb-gcp-1,crdb-linode-2,us-east1,us-west,100,0.0,68.843,69.06,69.0,69.3,69.4,69.557,0.129,0.1
20260908T034929Z_p1-network,cockroachdb,network,smoke,40659d82c028c5872c820a016d4ff03b23068151,2026-09-08T03:49:29.284188Z,2026-09-08T03:50:14.549795Z,2026-09-08T03:50:14.545339Z,crdb-linode-1,crdb-azure-1,us-east,centralindia,100,0.0,178.848,179.424,179.0,180.0,183.0,208.084,2.928,1.0
20260908T034929Z_p1-network,cockroachdb,network,smoke,40659d82c028c5872c820a016d4ff03b23068151,2026-09-08T03:49:29.284188Z,2026-09-08T03:50:14.549795Z,2026-09-08T03:50:14.545339Z,crdb-linode-1,crdb-azure-2,us-east,eastasia,100,0.0,198.917,199.235,199.0,200.0,203.0,202.764,0.627,1.0
20260908T034929Z_p1-network,cockroachdb,network,smoke,40659d82c028c5872c820a016d4ff03b23068151,2026-09-08T03:49:29.284188Z,2026-09-08T03:50:14.549795Z,2026-09-08T03:50:14.545339Z,crdb-linode-1,crdb-gcp-1,us-east,us-east1,100,0.0,24.684,24.918,24.9,25.1,25.2,25.301,0.102,0.1
20260908T034929Z_p1-network,cockroachdb,network,smoke,40659d82c028c5872c820a016d4ff03b23068151,2026-09-08T03:49:29.284188Z,2026-09-08T03:50:14.549795Z,2026-09-08T03:50:14.545339Z,crdb-linode-1,crdb-linode-2,us-east,us-west,100,0.0,68.578,68.768,68.8,68.9,69.0,69.088,0.094,0.1
20260908T034929Z_p1-network,cockroachdb,network,smoke,40659d82c028c5872c820a016d4ff03b23068151,2026-09-08T03:49:29.284188Z,2026-09-08T03:50:14.549795Z,2026-09-08T03:50:14.545339Z,crdb-linode-2,crdb-azure-1,us-west,centralindia,100,0.0,230.092,231.093,230.0,232.0,260.0,262.337,4.403,1.0
20260908T034929Z_p1-network,cockroachdb,network,smoke,40659d82c028c5872c820a016d4ff03b23068151,2026-09-08T03:49:29.284188Z,2026-09-08T03:50:14.549795Z,2026-09-08T03:50:14.545339Z,crdb-linode-2,crdb-azure-2,us-west,eastasia,100,0.0,153.489,153.681,154.0,154.0,154.0,154.461,0.174,1.0
20260908T034929Z_p1-network,cockroachdb,network,smoke,40659d82c028c5872c820a016d4ff03b23068151,2026-09-08T03:49:29.284188Z,2026-09-08T03:50:14.549795Z,2026-09-08T03:50:14.545339Z,crdb-linode-2,crdb-gcp-1,us-west,us-east1,99,1.0,69.342,69.575,69.6,69.8,70.5,70.516,0.151,0.1
20260908T034929Z_p1-network,cockroachdb,network,smoke,40659d82c028c5872c820a016d4ff03b23068151,2026-09-08T03:49:29.284188Z,2026-09-08T03:50:14.549795Z,2026-09-08T03:50:14.545339Z,crdb-linode-2,crdb-linode-1,us-west,us-east,100,0.0,68.6,68.764,68.7,68.9,69.1,69.244,0.104,0.1
20260908T034929Z_p1-network,cockroachdb,network,smoke,40659d82c028c5872c820a016d4ff03b23068151,2026-09-08T03:49:29.284188Z,2026-09-08T03:50:14.549795Z,2026-09-08T03:50:14.545339Z,crdb-azure-1,crdb-azure-2,centralindia,eastasia,100,0.0,86.974,87.087,87.1,87.3,87.4,87.555,0.108,0.1
20260908T034929Z_p1-network,cockroachdb,network,smoke,40659d82c028c5872c820a016d4ff03b23068151,2026-09-08T03:49:29.284188Z,2026-09-08T03:50:14.549795Z,2026-09-08T03:50:14.545339Z,crdb-azure-1,crdb-gcp-1,centralindia,us-east1,100,0.0,209.85,210.07,210.0,210.0,211.0,210.7,0.127,1.0
20260908T034929Z_p1-network,cockroachdb,network,smoke,40659d82c028c5872c820a016d4ff03b23068151,2026-09-08T03:49:29.284188Z,2026-09-08T03:50:14.549795Z,2026-09-08T03:50:14.545339Z,crdb-azure-1,crdb-linode-1,centralindia,us-east,100,0.0,178.839,179.115,179.0,180.0,181.0,181.446,0.346,1.0
20260908T034929Z_p1-network,cockroachdb,network,smoke,40659d82c028c5872c820a016d4ff03b23068151,2026-09-08T03:49:29.284188Z,2026-09-08T03:50:14.549795Z,2026-09-08T03:50:14.545339Z,crdb-azure-1,crdb-linode-2,centralindia,us-west,100,0.0,230.082,231.102,230.0,231.0,264.0,268.049,5.044,1.0
20260908T034929Z_p1-network,cockroachdb,network,smoke,40659d82c028c5872c820a016d4ff03b23068151,2026-09-08T03:49:29.284188Z,2026-09-08T03:50:14.549795Z,2026-09-08T03:50:14.545339Z,crdb-azure-2,crdb-azure-1,eastasia,centralindia,100,0.0,86.981,87.112,87.1,87.3,87.4,87.364,0.088,0.1
20260908T034929Z_p1-network,cockroachdb,network,smoke,40659d82c028c5872c820a016d4ff03b23068151,2026-09-08T03:49:29.284188Z,2026-09-08T03:50:14.549795Z,2026-09-08T03:50:14.545339Z,crdb-azure-2,crdb-gcp-1,eastasia,us-east1,100,0.0,198.641,198.874,199.0,199.0,199.0,199.593,0.147,1.0
20260908T034929Z_p1-network,cockroachdb,network,smoke,40659d82c028c5872c820a016d4ff03b23068151,2026-09-08T03:49:29.284188Z,2026-09-08T03:50:14.549795Z,2026-09-08T03:50:14.545339Z,crdb-azure-2,crdb-linode-1,eastasia,us-east,100,0.0,198.897,199.12,199.0,199.0,200.0,200.219,0.195,1.0
20260908T034929Z_p1-network,cockroachdb,network,smoke,40659d82c028c5872c820a016d4ff03b23068151,2026-09-08T03:49:29.284188Z,2026-09-08T03:50:14.549795Z,2026-09-08T03:50:14.545339Z,crdb-azure-2,crdb-linode-2,eastasia,us-west,100,0.0,153.475,153.703,154.0,154.0,154.0,154.57,0.201,1.0
20260908T034929Z_p1-network,cockroachdb,network,smoke,40659d82c028c5872c820a016d4ff03b23068151,2026-09-08T03:49:29.284188Z,2026-09-08T03:50:14.549795Z,2026-09-08T03:50:14.545339Z,crdb-gcp-1,crdb-azure-1,us-east1,centralindia,100,0.0,209.88,210.101,210.0,210.0,211.0,210.788,0.124,1.0
20260908T034929Z_p1-network,cockroachdb,network,smoke,40659d82c028c5872c820a016d4ff03b23068151,2026-09-08T03:49:29.284188Z,2026-09-08T03:50:14.549795Z,2026-09-08T03:50:14.545339Z,crdb-gcp-1,crdb-azure-2,us-east1,eastasia,100,0.0,198.681,198.913,199.0,199.0,199.0,199.394,0.147,1.0
20260908T034929Z_p1-network,cockroachdb,network,smoke,40659d82c028c5872c820a016d4ff03b23068151,2026-09-08T03:49:29.284188Z,2026-09-08T03:50:14.549795Z,2026-09-08T03:50:14.545339Z,crdb-gcp-1,crdb-linode-1,us-east1,us-east,100,0.0,24.711,24.905,24.9,25.1,25.5,26.363,0.186,0.1
20260908T034929Z_p1-network,cockroachdb,network,smoke,40659d82c028c5872c820a016d4ff03b23068151,2026-09-08T03:49:29.284188Z,2026-09-08T03:50:14.549795Z,2026-09-08T03:50:14.545339Z,crdb-gcp-1,crdb-linode-2,us-east1,us-west,100,0.0,69.443,69.683,69.7,69.9,70.0,70.487,0.143,0.1
20260908T053439Z_p1-network,cockroachdb,network,thesis,c518dc6a29d6bfb5d7d89439d9fad14b81b56649,2026-09-08T05:34:39.164154Z,2026-09-08T05:35:25.394609Z,2026-09-08T05:35:25.391274Z,crdb-linode-1,crdb-azure-1,us-east,centralindia,100,0.0,191.571,192.267,192.0,194.0,196.0,196.037,0.964,1.0
20260908T053439Z_p1-network,cockroachdb,network,thesis,c518dc6a29d6bfb5d7d89439d9fad14b81b56649,2026-09-08T05:34:39.164154Z,2026-09-08T05:35:25.394609Z,2026-09-08T05:35:25.391274Z,crdb-linode-1,crdb-azure-2,us-east,eastasia,100,0.0,199.109,199.347,199.0,200.0,201.0,201.778,0.353,1.0
20260908T053439Z_p1-network,cockroachdb,network,thesis,c518dc6a29d6bfb5d7d89439d9fad14b81b56649,2026-09-08T05:34:39.164154Z,2026-09-08T05:35:25.394609Z,2026-09-08T05:35:25.391274Z,crdb-linode-1,crdb-gcp-1,us-east,us-east1,100,0.0,24.711,24.972,24.9,25.1,25.4,27.427,0.268,0.1
20260908T053439Z_p1-network,cockroachdb,network,thesis,c518dc6a29d6bfb5d7d89439d9fad14b81b56649,2026-09-08T05:34:39.164154Z,2026-09-08T05:35:25.394609Z,2026-09-08T05:35:25.391274Z,crdb-linode-1,crdb-linode-2,us-east,us-west,100,0.0,66.503,66.787,66.7,66.9,69.9,71.371,0.575,0.1
20260908T053439Z_p1-network,cockroachdb,network,thesis,c518dc6a29d6bfb5d7d89439d9fad14b81b56649,2026-09-08T05:34:39.164154Z,2026-09-08T05:35:25.394609Z,2026-09-08T05:35:25.391274Z,crdb-linode-2,crdb-azure-1,us-west,centralindia,100,0.0,247.87,248.21,248.0,249.0,249.0,251.909,0.469,1.0
20260908T053439Z_p1-network,cockroachdb,network,thesis,c518dc6a29d6bfb5d7d89439d9fad14b81b56649,2026-09-08T05:34:39.164154Z,2026-09-08T05:35:25.394609Z,2026-09-08T05:35:25.391274Z,crdb-linode-2,crdb-azure-2,us-west,eastasia,100,0.0,149.996,150.152,150.0,150.0,151.0,150.623,0.104,1.0
20260908T053439Z_p1-network,cockroachdb,network,thesis,c518dc6a29d6bfb5d7d89439d9fad14b81b56649,2026-09-08T05:34:39.164154Z,2026-09-08T05:35:25.394609Z,2026-09-08T05:35:25.391274Z,crdb-linode-2,crdb-gcp-1,us-west,us-east1,100,0.0,69.396,69.656,69.7,69.9,70.0,70.109,0.136,0.1
20260908T053439Z_p1-network,cockroachdb,network,thesis,c518dc6a29d6bfb5d7d89439d9fad14b81b56649,2026-09-08T05:34:39.164154Z,2026-09-08T05:35:25.394609Z,2026-09-08T05:35:25.391274Z,crdb-linode-2,crdb-linode-1,us-west,us-east,100,0.0,66.478,66.724,66.7,67.1,67.2,67.695,0.187,0.1
20260908T053439Z_p1-network,cockroachdb,network,thesis,c518dc6a29d6bfb5d7d89439d9fad14b81b56649,2026-09-08T05:34:39.164154Z,2026-09-08T05:35:25.394609Z,2026-09-08T05:35:25.391274Z,crdb-azure-1,crdb-azure-2,centralindia,eastasia,100,0.0,93.899,94.028,94.0,94.2,94.3,94.872,0.116,0.1
20260908T053439Z_p1-network,cockroachdb,network,thesis,c518dc6a29d6bfb5d7d89439d9fad14b81b56649,2026-09-08T05:34:39.164154Z,2026-09-08T05:35:25.394609Z,2026-09-08T05:35:25.391274Z,crdb-azure-1,crdb-gcp-1,centralindia,us-east1,100,0.0,213.273,213.588,214.0,214.0,214.0,214.248,0.197,1.0
20260908T053439Z_p1-network,cockroachdb,network,thesis,c518dc6a29d6bfb5d7d89439d9fad14b81b56649,2026-09-08T05:34:39.164154Z,2026-09-08T05:35:25.394609Z,2026-09-08T05:35:25.391274Z,crdb-azure-1,crdb-linode-1,centralindia,us-east,100,0.0,191.606,192.907,192.0,195.0,202.0,254.787,6.392,1.0
20260908T053439Z_p1-network,cockroachdb,network,thesis,c518dc6a29d6bfb5d7d89439d9fad14b81b56649,2026-09-08T05:34:39.164154Z,2026-09-08T05:35:25.394609Z,2026-09-08T05:35:25.391274Z,crdb-azure-1,crdb-linode-2,centralindia,us-west,100,0.0,247.865,248.288,248.0,249.0,251.0,256.6,0.929,1.0
20260908T053439Z_p1-network,cockroachdb,network,thesis,c518dc6a29d6bfb5d7d89439d9fad14b81b56649,2026-09-08T05:34:39.164154Z,2026-09-08T05:35:25.394609Z,2026-09-08T05:35:25.391274Z,crdb-azure-2,crdb-azure-1,eastasia,centralindia,100,0.0,93.907,94.167,94.1,94.4,95.6,98.726,0.504,0.1
20260908T053439Z_p1-network,cockroachdb,network,thesis,c518dc6a29d6bfb5d7d89439d9fad14b81b56649,2026-09-08T05:34:39.164154Z,2026-09-08T05:35:25.394609Z,2026-09-08T05:35:25.391274Z,crdb-azure-2,crdb-gcp-1,eastasia,us-east1,100,0.0,210.77,211.062,211.0,211.0,211.0,211.553,0.112,1.0
20260908T053439Z_p1-network,cockroachdb,network,thesis,c518dc6a29d6bfb5d7d89439d9fad14b81b56649,2026-09-08T05:34:39.164154Z,2026-09-08T05:35:25.394609Z,2026-09-08T05:35:25.391274Z,crdb-azure-2,crdb-linode-1,eastasia,us-east,100,0.0,199.09,200.252,199.0,200.0,204.0,284.879,8.523,1.0
20260908T053439Z_p1-network,cockroachdb,network,thesis,c518dc6a29d6bfb5d7d89439d9fad14b81b56649,2026-09-08T05:34:39.164154Z,2026-09-08T05:35:25.394609Z,2026-09-08T05:35:25.391274Z,crdb-azure-2,crdb-linode-2,eastasia,us-west,100,0.0,149.96,150.166,150.0,150.0,151.0,151.523,0.194,1.0
20260908T053439Z_p1-network,cockroachdb,network,thesis,c518dc6a29d6bfb5d7d89439d9fad14b81b56649,2026-09-08T05:34:39.164154Z,2026-09-08T05:35:25.394609Z,2026-09-08T05:35:25.391274Z,crdb-gcp-1,crdb-azure-1,us-east1,centralindia,100,0.0,213.264,213.596,214.0,214.0,214.0,214.71,0.219,1.0
20260908T053439Z_p1-network,cockroachdb,network,thesis,c518dc6a29d6bfb5d7d89439d9fad14b81b56649,2026-09-08T05:34:39.164154Z,2026-09-08T05:35:25.394609Z,2026-09-08T05:35:25.391274Z,crdb-gcp-1,crdb-azure-2,us-east1,eastasia,100,0.0,210.854,211.106,211.0,211.0,212.0,212.141,0.182,1.0
20260908T053439Z_p1-network,cockroachdb,network,thesis,c518dc6a29d6bfb5d7d89439d9fad14b81b56649,2026-09-08T05:34:39.164154Z,2026-09-08T05:35:25.394609Z,2026-09-08T05:35:25.391274Z,crdb-gcp-1,crdb-linode-1,us-east1,us-east,100,0.0,24.719,25.579,24.9,25.4,28.4,80.374,5.53,0.1
20260908T053439Z_p1-network,cockroachdb,network,thesis,c518dc6a29d6bfb5d7d89439d9fad14b81b56649,2026-09-08T05:34:39.164154Z,2026-09-08T05:35:25.394609Z,2026-09-08T05:35:25.391274Z,crdb-gcp-1,crdb-linode-2,us-east1,us-west,100,0.0,69.399,69.615,69.6,69.8,69.8,70.35,0.122,0.1
