run_id,engine,category,profile_name,schema_version,git_revision,started_utc,finished_utc,preflight_ok,notes_count,manifest_present,rows_metrics,rows_network,rows_audit,rows_probe
20260905T202859Z_p1-network,cockroachdb,network,thesis-extended,2.1,f4e8357c79a5ac7a69f21cf0b607ef79f3c48eec,2026-09-05T20:28:59.171191Z,2026-09-05T20:29:44.188786Z,,5,True,0,20,0,0
20260905T203010Z_p2_baseline,cockroachdb,legacy-p2-baseline,thesis-extended,2.1,f4e8357c79a5ac7a69f21cf0b607ef79f3c48eec,2026-09-05T20:30:10.955314Z,2026-09-05T21:01:15.940462Z,True,4,True,2308,0,0,0
20260905T210130Z_p3_cluster,cockroachdb,legacy-p3-cluster,thesis-extended,2.1,f4e8357c79a5ac7a69f21cf0b607ef79f3c48eec,2026-09-05T21:01:30.362294Z,2026-09-05T21:34:46.406405Z,True,5,True,2296,0,0,0
20260905T213539Z_p4-chaos-recover,cockroachdb,chaos-recover,thesis-extended,2.1,f4e8357c79a5ac7a69f21cf0b607ef79f3c48eec,2026-09-05T21:35:39.020181Z,2026-09-05T21:38:49.624501Z,True,3,True,360,0,430,3370
20260905T213941Z_p4-chaos-dead,cockroachdb,chaos-dead,thesis-extended,2.1,f4e8357c79a5ac7a69f21cf0b607ef79f3c48eec,2026-09-05T21:39:41.634756Z,2026-09-05T21:42:54.961474Z,True,3,True,360,0,296,2174
20260907T050452Z_p1-network,cockroachdb,network,thesis-extended,2.1,01ff85c294945c8138a8326bbe68c7055b3604d1,2026-09-07T05:04:52.846343Z,2026-09-07T05:05:38.524652Z,,5,True,0,20,0,0
20260907T050612Z_bench_cluster,cockroachdb,bench,,,,,,,0,False,0,0,0,0
20260907T125825Z_p1-network,cockroachdb,network,thesis-extended,2.1,01ff85c294945c8138a8326bbe68c7055b3604d1,2026-09-07T12:58:25.444923Z,2026-09-07T12:59:11.891119Z,,5,True,0,20,0,0
20260907T125950Z_bench_cluster,cockroachdb,bench,thesis-extended,2.1,01ff85c294945c8138a8326bbe68c7055b3604d1,2026-09-07T12:59:50.540681Z,2026-09-07T14:22:18.686570Z,True,5,True,2294,0,0,0
20260907T160617Z_p1-network,cockroachdb,network,thesis,2.1,01ff85c294945c8138a8326bbe68c7055b3604d1,2026-09-07T16:06:17.045548Z,2026-09-07T16:07:03.459044Z,,5,True,0,20,0,0
20260907T160739Z_bench_cluster,cockroachdb,bench,thesis,2.1,01ff85c294945c8138a8326bbe68c7055b3604d1,2026-09-07T16:07:39.932505Z,2026-09-07T17:14:48.180106Z,True,5,True,1318,0,0,0
20260907T171515Z_p4-chaos-recover,cockroachdb,chaos-recover,thesis,2.1,01ff85c294945c8138a8326bbe68c7055b3604d1,2026-09-07T17:15:15.865671Z,2026-09-07T17:22:18.235052Z,True,4,True,12,0,767,6180
20260907T172312Z_p4-chaos-dead,cockroachdb,chaos-dead,thesis,2.1,01ff85c294945c8138a8326bbe68c7055b3604d1,2026-09-07T17:23:12.645992Z,2026-09-07T17:30:52.495352Z,True,4,True,358,0,1219,9880
20260907T230009Z_p1-network,cockroachdb,network,thesis,2.1,01ff85c294945c8138a8326bbe68c7055b3604d1,2026-09-07T23:00:09.781730Z,2026-09-07T23:00:55.450427Z,,5,True,0,20,0,0
20260907T230126Z_bench_cluster,cockroachdb,bench,,,,,,,0,False,770,0,0,0
20260908T001559Z_p1-network,cockroachdb,network,thesis,2.1,01ff85c294945c8138a8326bbe68c7055b3604d1,2026-09-08T00:15:59.124754Z,2026-09-08T00:16:44.320413Z,,5,True,0,20,0,0
20260908T001716Z_bench_cluster,cockroachdb,bench,thesis,2.1,01ff85c294945c8138a8326bbe68c7055b3604d1,2026-09-08T00:17:16.805436Z,2026-09-08T00:35:44.233191Z,True,5,True,1320,0,0,0
20260908T003610Z_p4-chaos-recover,cockroachdb,chaos-recover,thesis,2.1,01ff85c294945c8138a8326bbe68c7055b3604d1,2026-09-08T00:36:10.884170Z,2026-09-08T00:40:26.750633Z,True,5,True,360,0,692,5645
20260908T004113Z_p4-chaos-dead,cockroachdb,chaos-dead,thesis,2.1,01ff85c294945c8138a8326bbe68c7055b3604d1,2026-09-08T00:41:13.634512Z,2026-09-08T00:45:29.528578Z,True,5,True,360,0,693,5666
20260908T014317Z_p1-network,cockroachdb,network,thesis,2.1,081437cb6cc2ba295d0eed98d5c7fc48361b28c0,2026-09-08T01:43:17.440973Z,2026-09-08T01:44:02.867094Z,,5,True,0,20,0,0
20260908T014435Z_bench_cluster,cockroachdb,bench,thesis,2.1,081437cb6cc2ba295d0eed98d5c7fc48361b28c0,2026-09-08T01:44:35.382946Z,2026-09-08T02:03:03.560566Z,True,5,True,1318,0,0,0
20260908T020352Z_p4-chaos-recover,cockroachdb,chaos-recover,thesis,2.1,081437cb6cc2ba295d0eed98d5c7fc48361b28c0,2026-09-08T02:03:52.948605Z,2026-09-08T02:06:19.449645Z,True,4,True,142,0,367,3016
20260908T024817Z_p1-network,cockroachdb,network,thesis,2.1,9d2dcf84917da48f6a7ea8ea5d5fcca12cd94578,2026-09-08T02:48:17.682675Z,2026-09-08T02:49:02.874873Z,,5,True,0,20,0,0
20260908T024935Z_bench_cluster,cockroachdb,bench,thesis,2.1,9d2dcf84917da48f6a7ea8ea5d5fcca12cd94578,2026-09-08T02:49:35.698347Z,2026-09-08T03:08:09.436365Z,True,5,True,1320,0,0,0
20260908T030902Z_p4-chaos-recover,cockroachdb,chaos-recover,thesis,2.1,9d2dcf84917da48f6a7ea8ea5d5fcca12cd94578,2026-09-08T03:09:02.377447Z,2026-09-08T03:11:35.666051Z,True,4,True,142,0,367,7692
20260908T031454Z_p4-chaos-dead,cockroachdb,chaos-dead,thesis,2.1,9d2dcf84917da48f6a7ea8ea5d5fcca12cd94578,2026-09-08T03:14:54.551426Z,2026-09-08T03:17:24.236162Z,True,4,True,136,0,366,7627
20260908T034929Z_p1-network,cockroachdb,network,smoke,2.1,40659d82c028c5872c820a016d4ff03b23068151,2026-09-08T03:49:29.284188Z,2026-09-08T03:50:14.549795Z,,5,True,0,20,0,0
20260908T035047Z_bench_cluster,cockroachdb,bench,smoke,2.1,40659d82c028c5872c820a016d4ff03b23068151,2026-09-08T03:50:47.189849Z,2026-09-08T03:51:58.875886Z,True,5,True,48,0,0,0
20260908T035252Z_p4-chaos-recover,cockroachdb,chaos-recover,smoke,2.1,40659d82c028c5872c820a016d4ff03b23068151,2026-09-08T03:52:52.473562Z,2026-09-08T03:53:59.318728Z,True,4,True,90,0,126,618
20260908T035651Z_p4-chaos-dead,cockroachdb,chaos-dead,smoke,2.1,40659d82c028c5872c820a016d4ff03b23068151,2026-09-08T03:56:51.792694Z,2026-09-08T03:58:12.561207Z,True,4,True,90,0,130,618
20260908T053439Z_p1-network,cockroachdb,network,thesis,2.1,c518dc6a29d6bfb5d7d89439d9fad14b81b56649,2026-09-08T05:34:39.164154Z,2026-09-08T05:35:25.394609Z,,5,True,0,20,0,0
20260908T053558Z_bench_cluster,cockroachdb,bench,thesis,2.1,c518dc6a29d6bfb5d7d89439d9fad14b81b56649,2026-09-08T05:35:58.060425Z,2026-09-08T05:54:28.597875Z,True,5,True,1318,0,0,0
20260908T055503Z_p4-chaos-recover,cockroachdb,chaos-recover,thesis,2.1,c518dc6a29d6bfb5d7d89439d9fad14b81b56649,2026-09-08T05:55:03.440674Z,2026-09-08T05:59:22.794824Z,True,4,True,358,0,617,11918
20260908T060102Z_p4-chaos-dead,cockroachdb,chaos-dead,thesis,2.1,c518dc6a29d6bfb5d7d89439d9fad14b81b56649,2026-09-08T06:01:02.607701Z,2026-09-08T06:05:35.709409Z,True,4,True,360,0,595,11033
20260908T230323Z_p1-network,postgresql,network,thesis,2.1,a5e48a8bbbc24fbf77c80ceaad1c8ff2f10a917e,2026-09-08T23:03:23.105779Z,2026-09-08T23:04:08.377865Z,,5,True,0,20,0,0
20260908T230430Z_bench_cluster,postgresql,bench,thesis,2.1,a5e48a8bbbc24fbf77c80ceaad1c8ff2f10a917e,2026-09-08T23:04:30.718902Z,2026-09-08T23:22:19.425452Z,True,6,True,1318,0,0,0
20260908T232245Z_p4-chaos-recover,postgresql,chaos-recover,thesis,2.1,a5e48a8bbbc24fbf77c80ceaad1c8ff2f10a917e,2026-09-08T23:22:45.018265Z,2026-09-08T23:26:03.223586Z,True,5,True,358,0,261,7902
20260909T011959Z_p1-network,postgresql,network,smoke,2.1,a5e48a8bbbc24fbf77c80ceaad1c8ff2f10a917e,2026-09-09T01:19:59.258085Z,2026-09-09T01:20:44.935770Z,,5,True,0,20,0,0
20260909T012105Z_bench_cluster,postgresql,bench,smoke,2.1,a5e48a8bbbc24fbf77c80ceaad1c8ff2f10a917e,2026-09-09T01:21:05.361730Z,2026-09-09T01:22:08.850185Z,True,6,True,48,0,0,0
20260909T012233Z_p4-chaos-recover,postgresql,chaos-recover,smoke,2.1,a5e48a8bbbc24fbf77c80ceaad1c8ff2f10a917e,2026-09-09T01:22:33.737916Z,2026-09-09T01:23:54.862689Z,True,5,True,90,0,58,515
20260909T032052Z_p1-network,postgresql,network,smoke,2.1,a5e48a8bbbc24fbf77c80ceaad1c8ff2f10a917e,2026-09-09T03:20:52.120985Z,2026-09-09T03:21:38.106105Z,,5,True,0,20,0,0
20260909T032158Z_bench_cluster,postgresql,bench,smoke,2.1,a5e48a8bbbc24fbf77c80ceaad1c8ff2f10a917e,2026-09-09T03:21:58.310328Z,2026-09-09T03:23:02.826121Z,True,6,True,48,0,0,0
20260909T032327Z_p4-chaos-recover,postgresql,chaos-recover,smoke,2.1,a5e48a8bbbc24fbf77c80ceaad1c8ff2f10a917e,2026-09-09T03:23:27.129928Z,2026-09-09T03:24:47.683174Z,True,5,True,88,0,63,538
20260909T040631Z_p1-network,postgresql,network,smoke,2.1,a5e48a8bbbc24fbf77c80ceaad1c8ff2f10a917e,2026-09-09T04:06:31.597945Z,2026-09-09T04:07:19.229304Z,,5,True,0,20,0,0
20260909T040741Z_bench_cluster,postgresql,bench,smoke,2.1,a5e48a8bbbc24fbf77c80ceaad1c8ff2f10a917e,2026-09-09T04:07:41.284687Z,2026-09-09T04:08:48.010169Z,True,6,True,48,0,0,0
20260909T040914Z_p4-chaos-recover,postgresql,chaos-recover,smoke,2.1,a5e48a8bbbc24fbf77c80ceaad1c8ff2f10a917e,2026-09-09T04:09:14.214269Z,2026-09-09T04:11:17.238873Z,True,6,True,210,0,224,829
20260909T041214Z_p4-chaos-dead,postgresql,chaos-dead,smoke,2.1,a5e48a8bbbc24fbf77c80ceaad1c8ff2f10a917e,2026-09-09T04:12:14.699660Z,2026-09-09T04:14:31.055509Z,True,6,True,120,0,89,581
20260909T054617Z_p1-network,postgresql,network,thesis,2.1,a5e48a8bbbc24fbf77c80ceaad1c8ff2f10a917e,2026-09-09T05:46:17.988116Z,2026-09-09T05:47:03.147403Z,,5,True,0,20,0,0
20260909T054725Z_bench_cluster,postgresql,bench,thesis,2.1,a5e48a8bbbc24fbf77c80ceaad1c8ff2f10a917e,2026-09-09T05:47:25.328267Z,2026-09-09T06:05:32.987013Z,True,6,True,1318,0,0,0
20260909T060600Z_p4-chaos-recover,postgresql,chaos-recover,thesis,2.1,a5e48a8bbbc24fbf77c80ceaad1c8ff2f10a917e,2026-09-09T06:06:00.526490Z,2026-09-09T06:09:18.775441Z,True,5,True,360,0,363,8514
20260909T151654Z_p1-network,postgresql,network,smoke,2.1,a5e48a8bbbc24fbf77c80ceaad1c8ff2f10a917e,2026-09-09T15:16:54.555224Z,2026-09-09T15:17:41.132949Z,,5,True,0,20,0,0
20260909T151802Z_bench_cluster,postgresql,bench,smoke,2.1,a5e48a8bbbc24fbf77c80ceaad1c8ff2f10a917e,2026-09-09T15:18:02.335023Z,2026-09-09T15:19:07.849220Z,True,6,True,48,0,0,0
20260909T151932Z_p4-chaos-recover,postgresql,chaos-recover,smoke,2.1,a5e48a8bbbc24fbf77c80ceaad1c8ff2f10a917e,2026-09-09T15:19:32.165027Z,2026-09-09T15:21:34.568148Z,True,6,True,210,0,224,820
20260909T152255Z_p4-chaos-dead,postgresql,chaos-dead,smoke,2.1,a5e48a8bbbc24fbf77c80ceaad1c8ff2f10a917e,2026-09-09T15:22:55.796693Z,2026-09-09T15:24:42.411406Z,True,6,True,120,0,96,666
20260909T165504Z_p1-network,postgresql,network,thesis,2.1,a5e48a8bbbc24fbf77c80ceaad1c8ff2f10a917e,2026-09-09T16:55:04.701303Z,2026-09-09T16:55:51.745085Z,,5,True,0,20,0,0
20260909T165614Z_bench_cluster,postgresql,bench,thesis,2.1,a5e48a8bbbc24fbf77c80ceaad1c8ff2f10a917e,2026-09-09T16:56:14.916485Z,2026-09-09T17:14:29.068098Z,True,6,True,1320,0,0,0
20260909T171455Z_p4-chaos-recover,postgresql,chaos-recover,thesis,2.1,a5e48a8bbbc24fbf77c80ceaad1c8ff2f10a917e,2026-09-09T17:14:55.787212Z,2026-09-09T17:18:18.906245Z,True,5,True,360,0,335,9138
20260909T172425Z_p4-chaos-dead,postgresql,chaos-dead,thesis,2.1,a5e48a8bbbc24fbf77c80ceaad1c8ff2f10a917e,2026-09-09T17:24:25.833200Z,2026-09-09T17:29:55.508303Z,True,6,True,360,0,440,8087
