ts_utc,source,destination,source_region,destination_region,samples,loss_pct,rtt_min_ms,rtt_mean_ms,rtt_p50_ms,rtt_p95_ms,rtt_p99_ms,rtt_max_ms,rtt_mdev_ms,rtt_resolution_ms
2026-09-11T17:06:43.663154Z,crdb-linode-1,crdb-azure-1,us-east,centralindia,100,0.0,191.146,191.645,191.0,193.0,197.0,197.075,1.07,1.0
2026-09-11T17:06:43.663154Z,crdb-linode-1,crdb-azure-2,us-east,eastasia,100,0.0,198.599,199.278,199.0,201.0,202.0,204.687,0.874,1.0
2026-09-11T17:06:43.663154Z,crdb-linode-1,crdb-gcp-1,us-east,us-east1,100,0.0,24.344,24.465,24.4,24.6,24.8,24.974,0.097,0.1
2026-09-11T17:06:43.663154Z,crdb-linode-1,crdb-linode-2,us-east,us-west,100,0.0,69.368,69.508,69.5,69.7,69.8,69.974,0.111,0.1
2026-09-11T17:06:43.663154Z,crdb-linode-2,crdb-azure-1,us-west,centralindia,100,0.0,226.668,227.061,227.0,228.0,229.0,229.389,0.467,1.0
2026-09-11T17:06:43.663154Z,crdb-linode-2,crdb-azure-2,us-west,eastasia,100,0.0,153.54,154.161,154.0,155.0,162.0,170.261,1.902,1.0
2026-09-11T17:06:43.663154Z,crdb-linode-2,crdb-gcp-1,us-west,us-east1,100,0.0,70.839,70.989,71.0,71.3,71.6,71.975,0.169,0.1
2026-09-11T17:06:43.663154Z,crdb-linode-2,crdb-linode-1,us-west,us-east,100,0.0,69.343,69.527,69.5,69.7,69.8,69.786,0.107,0.1
2026-09-11T17:06:43.663154Z,crdb-azure-1,crdb-azure-2,centralindia,eastasia,100,0.0,76.592,78.224,78.1,78.8,82.0,82.208,0.648,0.1
2026-09-11T17:06:43.663154Z,crdb-azure-1,crdb-gcp-1,centralindia,us-east1,100,0.0,225.122,225.291,225.0,226.0,226.0,227.284,0.274,1.0
2026-09-11T17:06:43.663154Z,crdb-azure-1,crdb-linode-1,centralindia,us-east,100,0.0,191.097,191.413,191.0,192.0,193.0,193.036,0.34,1.0
2026-09-11T17:06:43.663154Z,crdb-azure-1,crdb-linode-2,centralindia,us-west,100,0.0,226.659,227.06,227.0,228.0,229.0,230.692,0.512,1.0
2026-09-11T17:06:43.663154Z,crdb-azure-2,crdb-azure-1,eastasia,centralindia,100,0.0,77.978,78.287,78.1,79.1,80.3,81.793,0.499,0.1
2026-09-11T17:06:43.663154Z,crdb-azure-2,crdb-gcp-1,eastasia,us-east1,100,0.0,201.892,202.293,202.0,203.0,204.0,207.015,0.649,1.0
2026-09-11T17:06:43.663154Z,crdb-azure-2,crdb-linode-1,eastasia,us-east,100,0.0,198.592,199.185,199.0,200.0,202.0,203.372,0.734,1.0
2026-09-11T17:06:43.663154Z,crdb-azure-2,crdb-linode-2,eastasia,us-west,100,0.0,153.506,154.015,154.0,156.0,157.0,157.523,0.721,1.0
2026-09-11T17:06:43.663154Z,crdb-gcp-1,crdb-azure-1,us-east1,centralindia,100,0.0,225.122,225.279,225.0,226.0,226.0,226.807,0.219,1.0
2026-09-11T17:06:43.663154Z,crdb-gcp-1,crdb-azure-2,us-east1,eastasia,100,0.0,201.89,202.311,202.0,204.0,204.0,206.793,0.66,1.0
2026-09-11T17:06:43.663154Z,crdb-gcp-1,crdb-linode-1,us-east1,us-east,100,0.0,24.335,24.511,24.5,24.7,26.1,26.178,0.245,0.1
2026-09-11T17:06:43.663154Z,crdb-gcp-1,crdb-linode-2,us-east1,us-west,100,0.0,70.816,70.987,70.9,71.2,71.4,71.466,0.129,0.1
