chart_id,chart_title,metric,value
A1,Throughput-latency curve,cockroachdb_knee_concurrency,200
A1,Throughput-latency curve,cockroachdb_knee_tps,3874.2
A1,Throughput-latency curve,cockroachdb_peak_tps,3874.2
A1,Throughput-latency curve,postgresql_knee_concurrency,200
A1,Throughput-latency curve,postgresql_knee_tps,8707.7
A1,Throughput-latency curve,postgresql_peak_tps,8707.7
A2,Latency percentile fan,cockroachdb_read_p99_max_ms,76.05
A2,Latency percentile fan,postgresql_read_p99_max_ms,19.27
A2,Latency percentile fan,cockroachdb_update_p99_max_ms,189.34
A2,Latency percentile fan,postgresql_update_p99_max_ms,164.86
A3,Concurrency slot occupancy,cockroachdb_read_slots_at_max_c,101.9
A3,Concurrency slot occupancy,cockroachdb_update_slots_at_max_c,102.6
A3,Concurrency slot occupancy,postgresql_read_slots_at_max_c,31.4
A3,Concurrency slot occupancy,postgresql_update_slots_at_max_c,189.5
A4,Steady-state stability,cockroachdb_max_cv,0.216
A4,Steady-state stability,cockroachdb_worst_tier,1
A4,Steady-state stability,postgresql_max_cv,0.325
A4,Steady-state stability,postgresql_worst_tier,200
A5,Error rate against load,cockroachdb_errors_total,0
A5,Error rate against load,postgresql_errors_total,0
A6,Throughput under a latency budget,cockroachdb_tps_under_p99_10ms,0.0
A6,Throughput under a latency budget,cockroachdb_tps_under_p99_25ms,0.0
A6,Throughput under a latency budget,cockroachdb_tps_under_p99_50ms,0.0
A6,Throughput under a latency budget,cockroachdb_tps_under_p99_100ms,2826.3
A6,Throughput under a latency budget,cockroachdb_tps_under_p99_200ms,3874.2
A6,Throughput under a latency budget,cockroachdb_tps_under_p99_400ms,3874.2
A6,Throughput under a latency budget,cockroachdb_tps_under_p99_800ms,3874.2
A6,Throughput under a latency budget,postgresql_tps_under_p99_10ms,0.0
A6,Throughput under a latency budget,postgresql_tps_under_p99_25ms,0.0
A6,Throughput under a latency budget,postgresql_tps_under_p99_50ms,0.0
A6,Throughput under a latency budget,postgresql_tps_under_p99_100ms,3220.7
A6,Throughput under a latency budget,postgresql_tps_under_p99_200ms,8707.7
A6,Throughput under a latency budget,postgresql_tps_under_p99_400ms,8707.7
A6,Throughput under a latency budget,postgresql_tps_under_p99_800ms,8707.7
A7,Throughput by concurrency,cockroachdb_peak_tps,3874.2
A7,Throughput by concurrency,cockroachdb_peak_concurrency,200
A7,Throughput by concurrency,postgresql_peak_tps,8707.7
A7,Throughput by concurrency,postgresql_peak_concurrency,200
B1,Per-node CPU timeline,cockroachdb_azure-1_cpu_mean_pct,12.7
B1,Per-node CPU timeline,cockroachdb_azure-2_cpu_mean_pct,14.8
B1,Per-node CPU timeline,cockroachdb_gcp-1_cpu_mean_pct,35.0
B1,Per-node CPU timeline,cockroachdb_linode-1_cpu_mean_pct,10.3
B1,Per-node CPU timeline,cockroachdb_linode-2_cpu_mean_pct,11.4
B1,Per-node CPU timeline,postgresql_azure-1_cpu_mean_pct,9.6
B1,Per-node CPU timeline,postgresql_azure-2_cpu_mean_pct,9.8
B1,Per-node CPU timeline,postgresql_gcp-1_cpu_mean_pct,22.8
B1,Per-node CPU timeline,postgresql_linode-1_cpu_mean_pct,8.8
B1,Per-node CPU timeline,postgresql_linode-2_cpu_mean_pct,9.6
B2,CPU efficiency,cockroachdb_c1_ops_per_cpu_pct,4.0
B2,CPU efficiency,cockroachdb_c2_ops_per_cpu_pct,7.9
B2,CPU efficiency,cockroachdb_c5_ops_per_cpu_pct,18.0
B2,CPU efficiency,cockroachdb_c10_ops_per_cpu_pct,50.1
B2,CPU efficiency,cockroachdb_c50_ops_per_cpu_pct,146.2
B2,CPU efficiency,cockroachdb_c100_ops_per_cpu_pct,167.4
B2,CPU efficiency,cockroachdb_c200_ops_per_cpu_pct,245.0
B2,CPU efficiency,postgresql_c1_ops_per_cpu_pct,6.3
B2,CPU efficiency,postgresql_c2_ops_per_cpu_pct,12.7
B2,CPU efficiency,postgresql_c5_ops_per_cpu_pct,26.7
B2,CPU efficiency,postgresql_c10_ops_per_cpu_pct,113.1
B2,CPU efficiency,postgresql_c50_ops_per_cpu_pct,227.8
B2,CPU efficiency,postgresql_c100_ops_per_cpu_pct,353.3
B2,CPU efficiency,postgresql_c200_ops_per_cpu_pct,773.9
B3,Disk I/O and busy time,cockroachdb_disk_busy_mean_pct,30.7
B3,Disk I/O and busy time,cockroachdb_disk_read_mean_mb_s,5.62
B3,Disk I/O and busy time,cockroachdb_disk_write_mean_mb_s,3.08
B3,Disk I/O and busy time,postgresql_disk_busy_mean_pct,25.9
B3,Disk I/O and busy time,postgresql_disk_read_mean_mb_s,0.71
B3,Disk I/O and busy time,postgresql_disk_write_mean_mb_s,9.07
B4,Memory headroom,cockroachdb_mem_available_min_gb,2.36
B4,Memory headroom,cockroachdb_mem_total_gb,8.32
B4,Memory headroom,postgresql_mem_available_min_gb,3.89
B4,Memory headroom,postgresql_mem_total_gb,8.32
B5,Replication traffic amplification,cockroachdb_c1_tx_kib_per_op,15.13
B5,Replication traffic amplification,cockroachdb_c2_tx_kib_per_op,7.6
B5,Replication traffic amplification,cockroachdb_c5_tx_kib_per_op,3.49
B5,Replication traffic amplification,cockroachdb_c10_tx_kib_per_op,1.01
B5,Replication traffic amplification,cockroachdb_c50_tx_kib_per_op,0.44
B5,Replication traffic amplification,cockroachdb_c100_tx_kib_per_op,0.4
B5,Replication traffic amplification,cockroachdb_c200_tx_kib_per_op,0.26
B5,Replication traffic amplification,postgresql_c1_tx_kib_per_op,72.46
B5,Replication traffic amplification,postgresql_c2_tx_kib_per_op,33.95
B5,Replication traffic amplification,postgresql_c5_tx_kib_per_op,18.67
B5,Replication traffic amplification,postgresql_c10_tx_kib_per_op,1.7
B5,Replication traffic amplification,postgresql_c50_tx_kib_per_op,2.21
B5,Replication traffic amplification,postgresql_c100_tx_kib_per_op,1.57
B5,Replication traffic amplification,postgresql_c200_tx_kib_per_op,0.68
B6,Cluster utilisation heatmap,cockroachdb_cpu_peak_pct,97.8
B6,Cluster utilisation heatmap,postgresql_cpu_peak_pct,97.3
B7,Cluster load imbalance,cockroachdb_cpu_imbalance_cv,0.548
B7,Cluster load imbalance,cockroachdb_busiest_node,gcp-1
B7,Cluster load imbalance,postgresql_cpu_imbalance_cv,0.441
B7,Cluster load imbalance,postgresql_busiest_node,gcp-1
C1,Probe attempt strip,cockroachdb_dead_attempts,33774
C1,Probe attempt strip,cockroachdb_dead_outcomes.ok,33766
C1,Probe attempt strip,cockroachdb_dead_outcomes.conn_error,8
C1,Probe attempt strip,cockroachdb_recover_attempts,53177
C1,Probe attempt strip,cockroachdb_recover_outcomes.ok,53169
C1,Probe attempt strip,cockroachdb_recover_outcomes.timeout,8
C1,Probe attempt strip,postgresql_dead_attempts,34725
C1,Probe attempt strip,postgresql_dead_outcomes.ok,34613
C1,Probe attempt strip,postgresql_dead_outcomes.conn_error,112
C1,Probe attempt strip,postgresql_recover_attempts,46116
C1,Probe attempt strip,postgresql_recover_outcomes.ok,46060
C1,Probe attempt strip,postgresql_recover_outcomes.conn_error,56
C2,Probe latency through the fault,cockroachdb_dead_pre_fault_p50_ms,154.36
C2,Probe latency through the fault,cockroachdb_dead_post_fault_p50_ms,211.15
C2,Probe latency through the fault,cockroachdb_recover_pre_fault_p50_ms,139.76
C2,Probe latency through the fault,cockroachdb_recover_post_fault_p50_ms,129.45
C2,Probe latency through the fault,postgresql_dead_pre_fault_p50_ms,73.53
C2,Probe latency through the fault,postgresql_dead_post_fault_p50_ms,226.52
C2,Probe latency through the fault,postgresql_recover_pre_fault_p50_ms,73.23
C2,Probe latency through the fault,postgresql_recover_post_fault_p50_ms,142.65
C3,Instrument agreement,CockroachDB_dead.audit_s,8.774
C3,Instrument agreement,CockroachDB_dead.probe_s,4.40487
C3,Instrument agreement,CockroachDB_recover.audit_s,13.162
C3,Instrument agreement,CockroachDB_recover.probe_s,5.507203
C3,Instrument agreement,PostgreSQL/Patroni_dead.audit_s,29.99
C3,Instrument agreement,PostgreSQL/Patroni_dead.probe_s,25.878572
C3,Instrument agreement,PostgreSQL/Patroni_recover.audit_s,41.856
C3,Instrument agreement,PostgreSQL/Patroni_recover.probe_s,37.323879
C4,Recovery decomposition,CockroachDB_dead.detection_s,7.424132
C4,Recovery decomposition,CockroachDB_dead.outage_s,4.40487
C4,Recovery decomposition,CockroachDB_recover.detection_s,10.326479
C4,Recovery decomposition,CockroachDB_recover.outage_s,5.507203
C4,Recovery decomposition,PostgreSQL/Patroni_dead.detection_s,3.926924
C4,Recovery decomposition,PostgreSQL/Patroni_dead.outage_s,25.878572
C4,Recovery decomposition,PostgreSQL/Patroni_recover.detection_s,13.62152
C4,Recovery decomposition,PostgreSQL/Patroni_recover.outage_s,37.323879
C5,Post-fault settling,cockroachdb_dead.settled,True
C5,Post-fault settling,cockroachdb_dead.mean_tps,1522.6
C5,Post-fault settling,cockroachdb_dead.fraction_of_baseline,0.4913
C5,Post-fault settling,cockroachdb_dead.cv,0.0587
C5,Post-fault settling,cockroachdb_recover.settled,False
C5,Post-fault settling,cockroachdb_recover.mean_tps,2668.5
C5,Post-fault settling,cockroachdb_recover.fraction_of_baseline,0.7234
C5,Post-fault settling,cockroachdb_recover.cv,0.2702
C5,Post-fault settling,postgresql_dead.settled,True
C5,Post-fault settling,postgresql_dead.mean_tps,947.9
C5,Post-fault settling,postgresql_dead.fraction_of_baseline,0.1622
C5,Post-fault settling,postgresql_dead.cv,0.1837
C5,Post-fault settling,postgresql_recover.settled,True
C5,Post-fault settling,postgresql_recover.mean_tps,1032.3
C5,Post-fault settling,postgresql_recover.fraction_of_baseline,0.1654
C5,Post-fault settling,postgresql_recover.cv,0.2433
C6,Read and write paths after failover,cockroachdb_dead.read_p50_before_ms,13.1
C6,Read and write paths after failover,cockroachdb_dead.read_p50_after_ms,27.3
C6,Read and write paths after failover,cockroachdb_dead.update_p50_before_ms,109.1
C6,Read and write paths after failover,cockroachdb_dead.update_p50_after_ms,218.1
C6,Read and write paths after failover,cockroachdb_recover.read_p50_before_ms,10.0
C6,Read and write paths after failover,cockroachdb_recover.read_p50_after_ms,19.9
C6,Read and write paths after failover,cockroachdb_recover.update_p50_before_ms,92.3
C6,Read and write paths after failover,cockroachdb_recover.update_p50_after_ms,100.7
C6,Read and write paths after failover,postgresql_dead.read_p50_before_ms,1.1
C6,Read and write paths after failover,postgresql_dead.read_p50_after_ms,71.3
C6,Read and write paths after failover,postgresql_dead.update_p50_before_ms,75.5
C6,Read and write paths after failover,postgresql_dead.update_p50_after_ms,234.9
C6,Read and write paths after failover,postgresql_recover.read_p50_before_ms,1.0
C6,Read and write paths after failover,postgresql_recover.read_p50_after_ms,71.3
C6,Read and write paths after failover,postgresql_recover.update_p50_before_ms,75.5
C6,Read and write paths after failover,postgresql_recover.update_p50_after_ms,151.0
C7,Hardware through the failover,cockroachdb_dead_target,gcp-1
C7,Hardware through the failover,cockroachdb_recover_target,gcp-1
C7,Hardware through the failover,postgresql_dead_target,gcp-1
C7,Hardware through the failover,postgresql_recover_target,gcp-1
C8,RTO and RPO summary,CockroachDB_dead.availability_rto_s,8.774
C8,RTO and RPO summary,CockroachDB_dead.probe_outage_s,4.40487
C8,RTO and RPO summary,CockroachDB_dead.rpo_lost,0
C8,RTO and RPO summary,CockroachDB_dead.rpo_acknowledged,2185
C8,RTO and RPO summary,CockroachDB_recover.availability_rto_s,13.162
C8,RTO and RPO summary,CockroachDB_recover.probe_outage_s,5.507203
C8,RTO and RPO summary,CockroachDB_recover.rpo_lost,0
C8,RTO and RPO summary,CockroachDB_recover.rpo_acknowledged,2673
C8,RTO and RPO summary,PostgreSQL/Patroni_dead.availability_rto_s,29.99
C8,RTO and RPO summary,PostgreSQL/Patroni_dead.probe_outage_s,25.878572
C8,RTO and RPO summary,PostgreSQL/Patroni_dead.rpo_lost,0
C8,RTO and RPO summary,PostgreSQL/Patroni_dead.rpo_acknowledged,2019
C8,RTO and RPO summary,PostgreSQL/Patroni_recover.availability_rto_s,41.856
C8,RTO and RPO summary,PostgreSQL/Patroni_recover.probe_outage_s,37.323879
C8,RTO and RPO summary,PostgreSQL/Patroni_recover.rpo_lost,0
C8,RTO and RPO summary,PostgreSQL/Patroni_recover.rpo_acknowledged,2294
D1,Engine throughput-latency curves,cockroachdb_peak_tps,3874.2
D1,Engine throughput-latency curves,cockroachdb_peak_concurrency,200
D1,Engine throughput-latency curves,cockroachdb_saturated,False
D1,Engine throughput-latency curves,postgresql_peak_tps,8707.7
D1,Engine throughput-latency curves,postgresql_peak_concurrency,200
D1,Engine throughput-latency curves,postgresql_saturated,False
D2,Latency at matched throughput,points[0].throughput_tps,65.2
D2,Latency at matched throughput,points[0].phase_ii_latency_ms,75.5
D2,Latency at matched throughput,points[0].phase_iii_latency_ms,75.5
D2,Latency at matched throughput,points[0].overhead_x,1.0
D2,Latency at matched throughput,points[0].phase_ii_utilisation,0.017
D2,Latency at matched throughput,points[0].phase_iii_utilisation,0.007
D2,Latency at matched throughput,points[0].utilisation_gap,0.009
D2,Latency at matched throughput,points[0].measured_in,PostgreSQL
D2,Latency at matched throughput,points[1].throughput_tps,125.1
D2,Latency at matched throughput,points[1].phase_ii_latency_ms,75.5
D2,Latency at matched throughput,points[1].phase_iii_latency_ms,75.5
D2,Latency at matched throughput,points[1].overhead_x,1.0
D2,Latency at matched throughput,points[1].phase_ii_utilisation,0.032
D2,Latency at matched throughput,points[1].phase_iii_utilisation,0.014
D2,Latency at matched throughput,points[1].utilisation_gap,0.018
D2,Latency at matched throughput,points[1].measured_in,CockroachDB
D2,Latency at matched throughput,points[2].throughput_tps,130.1
D2,Latency at matched throughput,points[2].phase_ii_latency_ms,75.5
D2,Latency at matched throughput,points[2].phase_iii_latency_ms,75.5
D2,Latency at matched throughput,points[2].overhead_x,1.0
D2,Latency at matched throughput,points[2].phase_ii_utilisation,0.034
D2,Latency at matched throughput,points[2].phase_iii_utilisation,0.015
D2,Latency at matched throughput,points[2].utilisation_gap,0.019
D2,Latency at matched throughput,points[2].measured_in,PostgreSQL
D2,Latency at matched throughput,points[3].throughput_tps,314.5
D2,Latency at matched throughput,points[3].phase_ii_latency_ms,75.5
D2,Latency at matched throughput,points[3].phase_iii_latency_ms,75.5
D2,Latency at matched throughput,points[3].overhead_x,1.0
D2,Latency at matched throughput,points[3].phase_ii_utilisation,0.081
D2,Latency at matched throughput,points[3].phase_iii_utilisation,0.036
D2,Latency at matched throughput,points[3].utilisation_gap,0.045
D2,Latency at matched throughput,points[3].measured_in,CockroachDB
D2,Latency at matched throughput,points[4].throughput_tps,327.9
D2,Latency at matched throughput,points[4].phase_ii_latency_ms,75.507
D2,Latency at matched throughput,points[4].phase_iii_latency_ms,75.5
D2,Latency at matched throughput,points[4].overhead_x,1.0
D2,Latency at matched throughput,points[4].phase_ii_utilisation,0.085
D2,Latency at matched throughput,points[4].phase_iii_utilisation,0.038
D2,Latency at matched throughput,points[4].utilisation_gap,0.047
D2,Latency at matched throughput,points[4].measured_in,PostgreSQL
D2,Latency at matched throughput,points[5].throughput_tps,614.8
D2,Latency at matched throughput,points[5].phase_ii_latency_ms,75.653
D2,Latency at matched throughput,points[5].phase_iii_latency_ms,75.5
D2,Latency at matched throughput,points[5].overhead_x,1.0
D2,Latency at matched throughput,points[5].phase_ii_utilisation,0.159
D2,Latency at matched throughput,points[5].phase_iii_utilisation,0.071
D2,Latency at matched throughput,points[5].utilisation_gap,0.088
D2,Latency at matched throughput,points[5].measured_in,CockroachDB
D2,Latency at matched throughput,points[6].throughput_tps,645.6
D2,Latency at matched throughput,points[6].phase_ii_latency_ms,75.678
D2,Latency at matched throughput,points[6].phase_iii_latency_ms,75.5
D2,Latency at matched throughput,points[6].overhead_x,1.0
D2,Latency at matched throughput,points[6].phase_ii_utilisation,0.167
D2,Latency at matched throughput,points[6].phase_iii_utilisation,0.074
D2,Latency at matched throughput,points[6].utilisation_gap,0.093
D2,Latency at matched throughput,points[6].measured_in,PostgreSQL
D2,Latency at matched throughput,points[7].throughput_tps,2826.3
D2,Latency at matched throughput,points[7].phase_ii_latency_ms,77.479
D2,Latency at matched throughput,points[7].phase_iii_latency_ms,75.5
D2,Latency at matched throughput,points[7].overhead_x,0.97
D2,Latency at matched throughput,points[7].phase_ii_utilisation,0.73
D2,Latency at matched throughput,points[7].phase_iii_utilisation,0.325
D2,Latency at matched throughput,points[7].utilisation_gap,0.405
D2,Latency at matched throughput,points[7].measured_in,CockroachDB
D2,Latency at matched throughput,points[8].throughput_tps,3220.7
D2,Latency at matched throughput,points[8].phase_ii_latency_ms,88.968
D2,Latency at matched throughput,points[8].phase_iii_latency_ms,75.5
D2,Latency at matched throughput,points[8].overhead_x,0.85
D2,Latency at matched throughput,points[8].phase_ii_utilisation,0.831
D2,Latency at matched throughput,points[8].phase_iii_utilisation,0.37
D2,Latency at matched throughput,points[8].utilisation_gap,0.461
D2,Latency at matched throughput,points[8].measured_in,PostgreSQL
D2,Latency at matched throughput,points[9].throughput_tps,3487.9
D2,Latency at matched throughput,points[9].phase_ii_latency_ms,96.753
D2,Latency at matched throughput,points[9].phase_iii_latency_ms,75.502
D2,Latency at matched throughput,points[9].overhead_x,0.78
D2,Latency at matched throughput,points[9].phase_ii_utilisation,0.9
D2,Latency at matched throughput,points[9].phase_iii_utilisation,0.401
D2,Latency at matched throughput,points[9].utilisation_gap,0.5
D2,Latency at matched throughput,points[9].measured_in,CockroachDB
D2,Latency at matched throughput,points[10].throughput_tps,3874.2
D2,Latency at matched throughput,points[10].phase_ii_latency_ms,132.113
D2,Latency at matched throughput,points[10].phase_iii_latency_ms,75.506
D2,Latency at matched throughput,points[10].overhead_x,0.57
D2,Latency at matched throughput,points[10].phase_ii_utilisation,1.0
D2,Latency at matched throughput,points[10].phase_iii_utilisation,0.445
D2,Latency at matched throughput,points[10].utilisation_gap,0.555
D2,Latency at matched throughput,points[10].measured_in,CockroachDB
D2,Latency at matched throughput,least_confounded.throughput_tps,65.2
D2,Latency at matched throughput,least_confounded.phase_ii_latency_ms,75.5
D2,Latency at matched throughput,least_confounded.phase_iii_latency_ms,75.5
D2,Latency at matched throughput,least_confounded.overhead_x,1.0
D2,Latency at matched throughput,least_confounded.phase_ii_utilisation,0.017
D2,Latency at matched throughput,least_confounded.phase_iii_utilisation,0.007
D2,Latency at matched throughput,least_confounded.utilisation_gap,0.009
D2,Latency at matched throughput,least_confounded.measured_in,PostgreSQL
D3,Latency at matched utilisation,points[0].utilisation,0.032
D3,Latency at matched utilisation,points[0].phase_ii_tps,125.1
D3,Latency at matched utilisation,points[0].phase_iii_tps,281.2
D3,Latency at matched utilisation,points[0].phase_ii_latency_ms,75.5
D3,Latency at matched utilisation,points[0].phase_iii_latency_ms,75.5
D3,Latency at matched utilisation,points[0].overhead_x,1.0
D3,Latency at matched utilisation,points[1].utilisation,0.038
D3,Latency at matched utilisation,points[1].phase_ii_tps,145.9
D3,Latency at matched utilisation,points[1].phase_iii_tps,327.9
D3,Latency at matched utilisation,points[1].phase_ii_latency_ms,75.5
D3,Latency at matched utilisation,points[1].phase_iii_latency_ms,75.5
D3,Latency at matched utilisation,points[1].overhead_x,1.0
D3,Latency at matched utilisation,points[2].utilisation,0.074
D3,Latency at matched utilisation,points[2].phase_ii_tps,287.3
D3,Latency at matched utilisation,points[2].phase_iii_tps,645.6
D3,Latency at matched utilisation,points[2].phase_ii_latency_ms,75.5
D3,Latency at matched utilisation,points[2].phase_iii_latency_ms,75.5
D3,Latency at matched utilisation,points[2].overhead_x,1.0
D3,Latency at matched utilisation,points[3].utilisation,0.081
D3,Latency at matched utilisation,points[3].phase_ii_tps,314.5
D3,Latency at matched utilisation,points[3].phase_iii_tps,706.9
D3,Latency at matched utilisation,points[3].phase_ii_latency_ms,75.5
D3,Latency at matched utilisation,points[3].phase_iii_latency_ms,75.5
D3,Latency at matched utilisation,points[3].overhead_x,1.0
D3,Latency at matched utilisation,points[4].utilisation,0.159
D3,Latency at matched utilisation,points[4].phase_ii_tps,614.8
D3,Latency at matched utilisation,points[4].phase_iii_tps,1381.8
D3,Latency at matched utilisation,points[4].phase_ii_latency_ms,75.653
D3,Latency at matched utilisation,points[4].phase_iii_latency_ms,75.5
D3,Latency at matched utilisation,points[4].overhead_x,1.0
D3,Latency at matched utilisation,points[5].utilisation,0.37
D3,Latency at matched utilisation,points[5].phase_ii_tps,1432.9
D3,Latency at matched utilisation,points[5].phase_iii_tps,3220.7
D3,Latency at matched utilisation,points[5].phase_ii_latency_ms,76.328
D3,Latency at matched utilisation,points[5].phase_iii_latency_ms,75.5
D3,Latency at matched utilisation,points[5].overhead_x,0.99
D3,Latency at matched utilisation,points[6].utilisation,0.709
D3,Latency at matched utilisation,points[6].phase_ii_tps,2748.1
D3,Latency at matched utilisation,points[6].phase_iii_tps,6176.6
D3,Latency at matched utilisation,points[6].phase_ii_latency_ms,77.415
D3,Latency at matched utilisation,points[6].phase_iii_latency_ms,75.525
D3,Latency at matched utilisation,points[6].overhead_x,0.98
D3,Latency at matched utilisation,points[7].utilisation,0.73
D3,Latency at matched utilisation,points[7].phase_ii_tps,2826.3
D3,Latency at matched utilisation,points[7].phase_iii_tps,6352.5
D3,Latency at matched utilisation,points[7].phase_ii_latency_ms,77.479
D3,Latency at matched utilisation,points[7].phase_iii_latency_ms,77.794
D3,Latency at matched utilisation,points[7].overhead_x,1.0
D3,Latency at matched utilisation,points[8].utilisation,0.9
D3,Latency at matched utilisation,points[8].phase_ii_tps,3487.9
D3,Latency at matched utilisation,points[8].phase_iii_tps,7839.6
D3,Latency at matched utilisation,points[8].phase_ii_latency_ms,96.753
D3,Latency at matched utilisation,points[8].phase_iii_latency_ms,96.97
D3,Latency at matched utilisation,points[8].overhead_x,1.0
D3,Latency at matched utilisation,points[9].utilisation,1.0
D3,Latency at matched utilisation,points[9].phase_ii_tps,3874.2
D3,Latency at matched utilisation,points[9].phase_iii_tps,8707.7
D3,Latency at matched utilisation,points[9].phase_ii_latency_ms,132.113
D3,Latency at matched utilisation,points[9].phase_iii_latency_ms,108.164
D3,Latency at matched utilisation,points[9].overhead_x,0.82
D3,Latency at matched utilisation,phase_ii_peak_tps,3874.2
D3,Latency at matched utilisation,phase_iii_peak_tps,8707.7
D4,Engine scorecard,peak throughput.cockroachdb,3874.2
D4,Engine scorecard,peak throughput.postgresql,8707.7
D4,Engine scorecard,write p50 at lightest load.cockroachdb,75.5
D4,Engine scorecard,write p50 at lightest load.postgresql,75.5
D4,Engine scorecard,"outage, recover fault.cockroachdb",5.507203
D4,Engine scorecard,"outage, recover fault.postgresql",37.323879
D4,Engine scorecard,"outage, dead fault.cockroachdb",4.40487
D4,Engine scorecard,"outage, dead fault.postgresql",25.878572
D5,Cost of consistency,quorum_floor_ms,70.987
D5,Cost of consistency,CockroachDB_write_p50_ms,75.5
D5,Cost of consistency,CockroachDB_x_over_floor,1.064
D5,Cost of consistency,PostgreSQL/Patroni_write_p50_ms,75.5
D5,Cost of consistency,PostgreSQL/Patroni_x_over_floor,1.064
E1,Quorum floor derivation,gateway,crdb-gcp-1
E1,Quorum floor derivation,recorded_quorum_floor_ms,70.387
E1,Quorum floor derivation,derived_floor_ms,70.387
E2,Link stability,links,20
E2,Link stability,max_spread_ms,6.458
E2,Link stability,worst_link,crdb-gcp-1 -> crdb-azure-1
E2,Link stability,max_loss_pct,0.0
E3,Run provenance,runs_considered,8
E3,Run provenance,runs_passing,8
E4,Round-trip matrix,quorum_floor_ms,70.387
