ts_utc,seq_id,dispatch_offset_s,complete_offset_s,duration_ms,outcome,worker,detail
2026-09-29T13:57:11.153263Z,2,8.956347,9.321211,364.864,ok,1,
2026-09-29T13:57:11.153483Z,1,8.952441,9.321438,368.997,ok,0,
2026-09-29T13:57:11.276008Z,3,9.322428,9.44396,121.532,ok,1,
2026-09-29T13:57:11.459046Z,4,9.50643,9.626997,120.567,ok,0,
2026-09-29T13:57:11.643060Z,5,9.690426,9.811007,120.581,ok,1,
2026-09-29T13:57:11.764598Z,6,9.812431,9.932546,120.115,ok,0,
2026-09-29T13:57:11.827000Z,7,9.874428,9.994948,120.52,ok,1,
2026-09-29T13:57:11.888936Z,8,9.936428,10.056884,120.456,ok,0,
2026-09-29T13:57:11.951216Z,9,9.998428,10.119165,120.737,ok,1,
2026-09-29T13:57:12.013969Z,10,10.060428,10.181918,121.49,ok,0,
2026-09-29T13:57:12.099534Z,11,10.122427,10.267481,145.054,ok,1,
2026-09-29T13:57:12.161657Z,12,10.184427,10.329606,145.179,ok,0,
2026-09-29T13:57:12.221513Z,13,10.268429,10.389469,121.04,ok,1,
2026-09-29T13:57:12.282731Z,14,10.330433,10.45068,120.247,ok,0,
2026-09-29T13:57:12.344624Z,15,10.392429,10.512572,120.143,ok,1,
2026-09-29T13:57:12.407405Z,16,10.454438,10.575355,120.917,ok,0,
2026-09-29T13:57:12.468676Z,17,10.516419,10.636626,120.207,ok,1,
2026-09-29T13:57:12.530265Z,18,10.578431,10.698218,119.787,ok,0,
2026-09-29T13:57:12.592919Z,19,10.640429,10.760868,120.439,ok,1,
2026-09-29T13:57:12.655027Z,20,10.702428,10.822974,120.546,ok,0,
2026-09-29T13:57:12.716775Z,21,10.764431,10.884731,120.3,ok,1,
2026-09-29T13:57:12.779305Z,22,10.826429,10.947253,120.824,ok,0,
2026-09-29T13:57:12.840582Z,23,10.888428,11.008532,120.104,ok,1,
2026-09-29T13:57:12.902658Z,24,10.950429,11.070608,120.179,ok,0,
2026-09-29T13:57:12.964532Z,25,11.01243,11.132484,120.054,ok,1,
2026-09-29T13:57:13.026501Z,26,11.074428,11.194444,120.016,ok,0,
2026-09-29T13:57:13.089019Z,27,11.136427,11.256966,120.539,ok,1,
2026-09-29T13:57:13.151123Z,28,11.198427,11.319068,120.641,ok,0,
2026-09-29T13:57:13.213107Z,29,11.260429,11.381053,120.624,ok,1,
2026-09-29T13:57:13.274950Z,30,11.322428,11.442896,120.468,ok,0,
2026-09-29T13:57:13.337052Z,31,11.384428,11.505006,120.578,ok,1,
2026-09-29T13:57:13.398624Z,32,11.446426,11.566571,120.145,ok,0,
2026-09-29T13:57:13.460488Z,33,11.508429,11.628434,120.005,ok,1,
2026-09-29T13:57:13.522354Z,34,11.570428,11.690282,119.854,ok,0,
2026-09-29T13:57:13.584379Z,35,11.632429,11.752332,119.903,ok,1,
2026-09-29T13:57:13.646767Z,36,11.694427,11.814717,120.29,ok,0,
2026-09-29T13:57:13.708473Z,37,11.75643,11.87642,119.99,ok,1,
2026-09-29T13:57:13.770680Z,38,11.818431,11.938626,120.195,ok,0,
2026-09-29T13:57:13.832647Z,39,11.88043,12.000592,120.162,ok,1,
2026-09-29T13:57:13.894445Z,40,11.94243,12.062393,119.963,ok,0,
2026-09-29T13:57:13.956636Z,41,12.00443,12.124583,120.153,ok,1,
2026-09-29T13:57:14.019630Z,42,12.066427,12.187579,121.152,ok,0,
2026-09-29T13:57:14.081299Z,43,12.128432,12.249246,120.814,ok,1,
2026-09-29T13:57:14.143384Z,44,12.19043,12.311331,120.901,ok,0,
2026-09-29T13:57:14.204951Z,45,12.252427,12.372898,120.471,ok,1,
2026-09-29T13:57:14.266574Z,46,12.314435,12.434522,120.087,ok,0,
2026-09-29T13:57:14.328608Z,47,12.376429,12.496554,120.125,ok,1,
2026-09-29T13:57:14.392428Z,48,12.438429,12.560372,121.943,ok,0,
2026-09-29T13:57:14.453063Z,49,12.500428,12.62101,120.582,ok,1,
2026-09-29T13:57:14.514406Z,50,12.562435,12.682361,119.926,ok,0,
2026-09-29T13:57:14.576444Z,51,12.624428,12.744399,119.971,ok,1,
2026-09-29T13:57:14.638265Z,52,12.68643,12.806219,119.789,ok,0,
2026-09-29T13:57:14.700553Z,53,12.748427,12.868507,120.08,ok,1,
2026-09-29T13:57:14.762412Z,54,12.810428,12.930366,119.938,ok,0,
2026-09-29T13:57:14.824826Z,55,12.872427,12.99278,120.353,ok,1,
2026-09-29T13:57:14.886363Z,56,12.93443,13.054317,119.887,ok,0,
2026-09-29T13:57:14.948355Z,57,12.996428,13.116311,119.883,ok,1,
2026-09-29T13:57:15.010488Z,58,13.05843,13.178435,120.005,ok,0,
2026-09-29T13:57:15.072408Z,59,13.120426,13.240363,119.937,ok,1,
2026-09-29T13:57:15.134657Z,60,13.18243,13.302611,120.181,ok,0,
2026-09-29T13:57:15.196495Z,61,13.244427,13.364449,120.022,ok,1,
2026-09-29T13:57:15.258353Z,62,13.30643,13.42629,119.86,ok,0,
2026-09-29T13:57:15.320713Z,63,13.368428,13.488666,120.238,ok,1,
2026-09-29T13:57:15.382701Z,64,13.430432,13.550649,120.217,ok,0,
2026-09-29T13:57:15.444353Z,65,13.492428,13.612287,119.859,ok,1,
2026-09-29T13:57:15.507126Z,66,13.55443,13.675069,120.639,ok,0,
2026-09-29T13:57:15.568248Z,67,13.616427,13.736195,119.768,ok,1,
2026-09-29T13:57:15.630981Z,68,13.678428,13.798921,120.493,ok,0,
2026-09-29T13:57:15.692390Z,69,13.740427,13.860342,119.915,ok,1,
2026-09-29T13:57:15.754710Z,70,13.80243,13.922665,120.235,ok,0,
2026-09-29T13:57:15.816520Z,71,13.864427,13.984475,120.048,ok,1,
2026-09-29T13:57:15.878592Z,72,13.926428,14.046547,120.119,ok,0,
2026-09-29T13:57:15.940600Z,73,13.988427,14.108548,120.121,ok,1,
2026-09-29T13:57:16.003241Z,74,14.050427,14.171186,120.759,ok,0,
2026-09-29T13:57:16.064896Z,75,14.112427,14.232846,120.419,ok,1,
2026-09-29T13:57:16.127071Z,76,14.174431,14.295013,120.582,ok,0,
2026-09-29T13:57:16.188847Z,77,14.23643,14.356795,120.365,ok,1,
2026-09-29T13:57:16.251238Z,78,14.298427,14.419186,120.759,ok,0,
2026-09-29T13:57:16.312441Z,79,14.360428,14.480395,119.967,ok,1,
2026-09-29T13:57:16.374419Z,80,14.422428,14.542373,119.945,ok,0,
2026-09-29T13:57:16.436604Z,81,14.484426,14.604554,120.128,ok,1,
2026-09-29T13:57:16.498362Z,82,14.546427,14.666308,119.881,ok,0,
2026-09-29T13:57:16.560345Z,83,14.60843,14.728282,119.852,ok,1,
2026-09-29T13:57:16.622636Z,84,14.670429,14.790581,120.152,ok,0,
2026-09-29T13:57:16.684577Z,85,14.73243,14.852524,120.094,ok,1,
2026-09-29T13:57:16.746619Z,86,14.794428,14.914565,120.137,ok,0,
2026-09-29T13:57:16.808600Z,87,14.856431,14.97655,120.119,ok,1,
2026-09-29T13:57:16.870201Z,88,14.918431,15.038148,119.717,ok,0,
2026-09-29T13:57:16.932495Z,89,14.980428,15.10044,120.012,ok,1,
2026-09-29T13:57:16.994747Z,90,15.042427,15.162695,120.268,ok,0,
2026-09-29T13:57:17.056509Z,91,15.104429,15.224457,120.028,ok,1,
2026-09-29T13:57:17.118837Z,92,15.166429,15.286782,120.353,ok,0,
2026-09-29T13:57:17.180653Z,93,15.22843,15.3486,120.17,ok,1,
2026-09-29T13:57:17.242511Z,94,15.290429,15.410457,120.028,ok,0,
2026-09-29T13:57:17.304836Z,95,15.352429,15.472782,120.353,ok,1,
2026-09-29T13:57:17.366919Z,96,15.41443,15.534866,120.436,ok,0,
2026-09-29T13:57:17.429599Z,97,15.476428,15.597548,121.12,ok,1,
2026-09-29T13:57:17.490434Z,98,15.538431,15.658377,119.946,ok,0,
2026-09-29T13:57:17.552586Z,99,15.600428,15.720533,120.105,ok,1,
2026-09-29T13:57:17.614477Z,100,15.662438,15.782428,119.99,ok,0,
2026-09-29T13:57:17.676647Z,101,15.724429,15.8446,120.171,ok,1,
2026-09-29T13:57:17.739632Z,102,15.78643,15.907586,121.156,ok,0,
2026-09-29T13:57:17.800287Z,103,15.848429,15.968241,119.812,ok,1,
2026-09-29T13:57:17.862613Z,104,15.910431,16.030557,120.126,ok,0,
2026-09-29T13:57:17.924422Z,105,15.972427,16.092372,119.945,ok,1,
2026-09-29T13:57:17.986744Z,106,16.034432,16.154686,120.254,ok,0,
2026-09-29T13:57:18.049404Z,107,16.096427,16.217353,120.926,ok,1,
2026-09-29T13:57:18.110542Z,108,16.158433,16.278491,120.058,ok,0,
2026-09-29T13:57:18.172637Z,109,16.220429,16.340583,120.154,ok,1,
2026-09-29T13:57:18.234688Z,110,16.282431,16.402641,120.21,ok,0,
2026-09-29T13:57:18.296379Z,111,16.344433,16.464332,119.899,ok,1,
2026-09-29T13:57:18.358368Z,112,16.406429,16.52632,119.891,ok,0,
2026-09-29T13:57:18.420194Z,113,16.468426,16.588148,119.722,ok,1,
2026-09-29T13:57:18.482556Z,114,16.530432,16.650509,120.077,ok,0,
2026-09-29T13:57:18.544416Z,115,16.592429,16.712371,119.942,ok,1,
2026-09-29T13:57:18.606307Z,116,16.654442,16.77425,119.808,ok,0,
2026-09-29T13:57:18.668441Z,117,16.71643,16.836395,119.965,ok,1,
2026-09-29T13:57:18.730583Z,118,16.778427,16.898532,120.105,ok,0,
2026-09-29T13:57:18.792528Z,119,16.840427,16.960481,120.054,ok,1,
2026-09-29T13:57:18.854506Z,120,16.902431,17.022451,120.02,ok,0,
2026-09-29T13:57:18.916732Z,121,16.964428,17.084686,120.258,ok,1,
2026-09-29T13:57:18.978581Z,122,17.026427,17.146532,120.105,ok,0,
2026-09-29T13:57:19.040489Z,123,17.088429,17.208441,120.012,ok,1,
2026-09-29T13:57:19.102533Z,124,17.150428,17.270481,120.053,ok,0,
2026-09-29T13:57:19.164579Z,125,17.21243,17.332531,120.101,ok,1,
2026-09-29T13:57:19.226551Z,126,17.274436,17.3945,120.064,ok,0,
2026-09-29T13:57:19.288887Z,127,17.336434,17.456831,120.397,ok,1,
2026-09-29T13:57:19.350942Z,128,17.398434,17.518891,120.457,ok,0,
2026-09-29T13:57:19.412553Z,129,17.46043,17.580504,120.074,ok,1,
2026-09-29T13:57:19.474144Z,130,17.522429,17.642092,119.663,ok,0,
2026-09-29T13:57:19.536481Z,131,17.584429,17.704429,120.0,ok,1,
2026-09-29T13:57:19.598754Z,132,17.646433,17.766706,120.273,ok,0,
2026-09-29T13:57:19.661079Z,133,17.708428,17.829026,120.598,ok,1,
2026-09-29T13:57:19.722924Z,134,17.77043,17.890874,120.444,ok,0,
2026-09-29T13:57:19.784626Z,135,17.832433,17.952577,120.144,ok,1,
2026-09-29T13:57:19.846672Z,136,17.894434,18.014616,120.182,ok,0,
2026-09-29T13:57:19.908373Z,137,17.956428,18.076326,119.898,ok,1,
2026-09-29T13:57:19.970255Z,138,18.018431,18.138203,119.772,ok,0,
2026-09-29T13:57:20.032383Z,139,18.080429,18.200333,119.904,ok,1,
2026-09-29T13:57:20.094354Z,140,18.14243,18.262301,119.871,ok,0,
2026-09-29T13:57:20.156574Z,141,18.204428,18.324524,120.096,ok,1,
2026-09-29T13:57:20.218513Z,142,18.266433,18.386463,120.03,ok,0,
2026-09-29T13:57:20.280419Z,143,18.328432,18.44837,119.938,ok,1,
2026-09-29T13:57:20.342300Z,144,18.390434,18.510249,119.815,ok,0,
2026-09-29T13:57:20.404707Z,145,18.452427,18.572659,120.232,ok,1,
2026-09-29T13:57:20.466485Z,146,18.514434,18.634437,120.003,ok,0,
2026-09-29T13:57:20.528473Z,147,18.576431,18.696409,119.978,ok,1,
2026-09-29T13:57:20.590594Z,148,18.638431,18.758542,120.111,ok,0,
2026-09-29T13:57:20.652697Z,149,18.700431,18.820648,120.217,ok,1,
2026-09-29T13:57:20.714428Z,150,18.76243,18.882381,119.951,ok,0,
2026-09-29T13:57:20.776854Z,151,18.824431,18.944808,120.377,ok,1,
2026-09-29T13:57:20.838427Z,152,18.88643,19.006381,119.951,ok,0,
2026-09-29T13:57:20.900416Z,153,18.948434,19.06837,119.936,ok,1,
2026-09-29T13:57:20.962097Z,154,19.010431,19.130051,119.62,ok,0,
2026-09-29T13:57:21.024527Z,155,19.072429,19.192481,120.052,ok,1,
2026-09-29T13:57:21.086684Z,156,19.134436,19.254638,120.202,ok,0,
2026-09-29T13:57:21.148699Z,157,19.196431,19.316654,120.223,ok,1,
2026-09-29T13:57:21.210405Z,158,19.258429,19.378349,119.92,ok,0,
2026-09-29T13:57:21.272451Z,159,19.320431,19.4404,119.969,ok,1,
2026-09-29T13:57:21.334560Z,160,19.382433,19.502511,120.078,ok,0,
2026-09-29T13:57:21.396558Z,161,19.444432,19.564507,120.075,ok,1,
2026-09-29T13:57:21.458253Z,162,19.506431,19.626201,119.77,ok,0,
2026-09-29T13:57:21.521845Z,163,19.568428,19.689791,121.363,ok,1,
2026-09-29T13:57:21.582772Z,164,19.630429,19.750719,120.29,ok,0,
2026-09-29T13:57:21.644523Z,165,19.692431,19.81247,120.039,ok,1,
2026-09-29T13:57:21.706772Z,166,19.754445,19.874725,120.28,ok,0,
2026-09-29T13:57:21.768482Z,167,19.816429,19.936436,120.007,ok,1,
2026-09-29T13:57:21.830261Z,168,19.878429,19.998214,119.785,ok,0,
2026-09-29T13:57:21.892561Z,169,19.94043,20.060515,120.085,ok,1,
2026-09-29T13:57:21.954443Z,170,20.002431,20.122397,119.966,ok,0,
2026-09-29T13:57:22.016561Z,171,20.06443,20.184505,120.075,ok,1,
2026-09-29T13:57:22.078523Z,172,20.12643,20.246477,120.047,ok,0,
2026-09-29T13:57:22.140861Z,173,20.188433,20.308815,120.382,ok,1,
2026-09-29T13:57:22.202262Z,174,20.25043,20.370207,119.777,ok,0,
2026-09-29T13:57:22.264524Z,175,20.312429,20.432477,120.048,ok,1,
2026-09-29T13:57:22.326544Z,176,20.374428,20.494495,120.067,ok,0,
2026-09-29T13:57:22.389273Z,177,20.436429,20.557226,120.797,ok,1,
2026-09-29T13:57:22.450571Z,178,20.498429,20.618516,120.087,ok,0,
2026-09-29T13:57:22.512421Z,179,20.56043,20.680375,119.945,ok,1,
2026-09-29T13:57:22.574106Z,180,20.622429,20.742059,119.63,ok,0,
2026-09-29T13:57:22.636438Z,181,20.684432,20.804391,119.959,ok,1,
2026-09-29T13:57:22.699502Z,182,20.74643,20.867457,121.027,ok,0,
2026-09-29T13:57:22.760384Z,183,20.808429,20.928336,119.907,ok,1,
2026-09-29T13:57:22.822623Z,184,20.870432,20.990567,120.135,ok,0,
2026-09-29T13:57:22.884461Z,185,20.932431,21.052409,119.978,ok,1,
2026-09-29T13:57:22.947126Z,186,20.994432,21.115057,120.625,ok,0,
2026-09-29T13:57:23.008677Z,187,21.056429,21.176629,120.2,ok,1,
2026-09-29T13:57:23.070451Z,188,21.118431,21.238401,119.97,ok,0,
2026-09-29T13:57:23.132559Z,189,21.180427,21.300508,120.081,ok,1,
2026-09-29T13:57:23.194529Z,190,21.242435,21.362481,120.046,ok,0,
2026-09-29T13:57:23.256991Z,191,21.30443,21.424943,120.513,ok,1,
2026-09-29T13:57:23.318949Z,192,21.366432,21.486892,120.46,ok,0,
2026-09-29T13:57:23.380580Z,193,21.42843,21.548529,120.099,ok,1,
2026-09-29T13:57:23.442554Z,194,21.49043,21.610505,120.075,ok,0,
2026-09-29T13:57:23.504620Z,195,21.55243,21.672567,120.137,ok,1,
2026-09-29T13:57:23.566409Z,196,21.614434,21.734358,119.924,ok,0,
2026-09-29T13:57:23.628827Z,197,21.676431,21.796774,120.343,ok,1,
2026-09-29T13:57:23.690432Z,198,21.738431,21.858373,119.942,ok,0,
2026-09-29T13:57:23.752934Z,199,21.80043,21.920876,120.446,ok,1,
2026-09-29T13:57:23.814485Z,200,21.862432,21.982426,119.994,ok,0,
2026-09-29T13:57:23.876820Z,201,21.924437,22.044766,120.329,ok,1,
2026-09-29T13:57:23.938716Z,202,21.98643,22.106658,120.228,ok,0,
2026-09-29T13:57:24.000814Z,203,22.04843,22.168758,120.328,ok,1,
2026-09-29T13:57:24.062390Z,204,22.11043,22.230332,119.902,ok,0,
2026-09-29T13:57:24.124906Z,205,22.17243,22.292846,120.416,ok,1,
2026-09-29T13:57:24.186772Z,206,22.234432,22.354711,120.279,ok,0,
2026-09-29T13:57:24.248518Z,207,22.296433,22.416459,120.026,ok,1,
2026-09-29T13:57:24.310609Z,208,22.358429,22.478554,120.125,ok,0,
2026-09-29T13:57:24.372387Z,209,22.420434,22.540332,119.898,ok,1,
2026-09-29T13:57:24.434658Z,210,22.482435,22.602606,120.171,ok,0,
2026-09-29T13:57:24.496990Z,211,22.544433,22.664932,120.499,ok,1,
2026-09-29T13:57:24.559100Z,212,22.606432,22.727049,120.617,ok,0,
2026-09-29T13:57:24.620438Z,213,22.668434,22.788387,119.953,ok,1,
2026-09-29T13:57:24.683059Z,214,22.730432,22.851009,120.577,ok,0,
2026-09-29T13:57:24.744734Z,215,22.792433,22.912686,120.253,ok,1,
2026-09-29T13:57:24.806798Z,216,22.854444,22.97474,120.296,ok,0,
2026-09-29T13:57:24.868515Z,217,22.916429,23.03646,120.031,ok,1,
2026-09-29T13:57:24.930746Z,218,22.978431,23.098691,120.26,ok,0,
2026-09-29T13:57:24.992446Z,219,23.040431,23.160392,119.961,ok,1,
2026-09-29T13:57:25.054527Z,220,23.102433,23.222472,120.039,ok,0,
2026-09-29T13:57:25.117018Z,221,23.164434,23.284962,120.528,ok,1,
2026-09-29T13:57:25.178767Z,222,23.226427,23.346711,120.284,ok,0,
2026-09-29T13:57:25.240741Z,223,23.288431,23.408688,120.257,ok,1,
2026-09-29T13:57:25.302657Z,224,23.350433,23.470608,120.175,ok,0,
2026-09-29T13:57:25.365354Z,225,23.412433,23.533284,120.851,ok,1,
2026-09-29T13:57:25.426923Z,226,23.474433,23.594871,120.438,ok,0,
2026-09-29T13:57:25.488500Z,227,23.536433,23.656446,120.013,ok,1,
2026-09-29T13:57:25.550936Z,228,23.59843,23.718881,120.451,ok,0,
2026-09-29T13:57:25.612572Z,229,23.66043,23.780522,120.092,ok,1,
2026-09-29T13:57:25.675118Z,230,23.722432,23.843061,120.629,ok,0,
2026-09-29T13:57:25.736472Z,231,23.784432,23.904422,119.99,ok,1,
2026-09-29T13:57:25.798823Z,232,23.846432,23.966774,120.342,ok,0,
2026-09-29T13:57:25.860624Z,233,23.908434,24.028572,120.138,ok,1,
2026-09-29T13:57:25.922873Z,234,23.970431,24.090816,120.385,ok,0,
2026-09-29T13:57:25.985296Z,235,24.03245,24.153245,120.795,ok,1,
2026-09-29T13:57:26.046611Z,236,24.094431,24.214558,120.127,ok,0,
2026-09-29T13:57:26.108791Z,237,24.156432,24.276736,120.304,ok,1,
2026-09-29T13:57:26.170698Z,238,24.218436,24.33865,120.214,ok,0,
2026-09-29T13:57:26.232867Z,239,24.280431,24.40082,120.389,ok,1,
2026-09-29T13:57:26.294371Z,240,24.342432,24.462325,119.893,ok,0,
2026-09-29T13:57:26.356269Z,241,24.404429,24.524215,119.786,ok,1,
2026-09-29T13:57:26.418215Z,242,24.46643,24.586168,119.738,ok,0,
2026-09-29T13:57:26.480662Z,243,24.528429,24.648616,120.187,ok,1,
2026-09-29T13:57:26.542369Z,244,24.590428,24.710324,119.896,ok,0,
2026-09-29T13:57:26.604575Z,245,24.652428,24.772529,120.101,ok,1,
2026-09-29T13:57:26.666469Z,246,24.714427,24.834419,119.992,ok,0,
2026-09-29T13:57:26.728445Z,247,24.776431,24.896395,119.964,ok,1,
2026-09-29T13:57:26.790562Z,248,24.838428,24.958517,120.089,ok,0,
2026-09-29T13:57:26.852464Z,249,24.900433,25.02041,119.977,ok,1,
2026-09-29T13:57:26.914259Z,250,24.962428,25.082212,119.784,ok,0,
2026-09-29T13:57:26.976464Z,251,25.024429,25.144409,119.98,ok,1,
2026-09-29T13:57:27.038436Z,252,25.086426,25.206387,119.961,ok,0,
2026-09-29T13:57:27.100241Z,253,25.148429,25.268194,119.765,ok,1,
2026-09-29T13:57:27.162960Z,254,25.210441,25.330913,120.472,ok,0,
2026-09-29T13:57:27.224349Z,255,25.272429,25.392288,119.859,ok,1,
2026-09-29T13:57:27.287411Z,256,25.334431,25.455362,120.931,ok,0,
2026-09-29T13:57:27.349130Z,257,25.396431,25.517079,120.648,ok,1,
2026-09-29T13:57:27.410934Z,258,25.458435,25.578887,120.452,ok,0,
2026-09-29T13:57:27.472319Z,259,25.520431,25.64027,119.839,ok,1,
2026-09-29T13:57:27.534444Z,260,25.582431,25.702389,119.958,ok,0,
2026-09-29T13:57:27.596862Z,261,25.64443,25.764816,120.386,ok,1,
2026-09-29T13:57:27.658835Z,262,25.706434,25.826781,120.347,ok,0,
2026-09-29T13:57:27.720700Z,263,25.768432,25.888653,120.221,ok,1,
2026-09-29T13:57:27.782836Z,264,25.830434,25.95078,120.346,ok,0,
2026-09-29T13:57:27.844799Z,265,25.892434,26.012748,120.314,ok,1,
2026-09-29T13:57:27.940257Z,266,25.954435,26.108203,153.768,ok,0,
2026-09-29T13:57:27.968825Z,267,26.01643,26.136768,120.338,ok,1,
2026-09-29T13:57:28.061063Z,268,26.108405,26.229009,120.604,ok,0,
2026-09-29T13:57:28.122619Z,269,26.170428,26.290571,120.143,ok,1,
2026-09-29T13:57:28.184559Z,270,26.232429,26.35251,120.081,ok,0,
2026-09-29T13:57:28.247077Z,271,26.294429,26.415024,120.595,ok,1,
2026-09-29T13:57:28.308518Z,272,26.356433,26.476466,120.033,ok,0,
2026-09-29T13:57:28.370519Z,273,26.41843,26.538467,120.037,ok,1,
2026-09-29T13:57:28.432636Z,274,26.480431,26.600583,120.152,ok,0,
2026-09-29T13:57:28.494973Z,275,26.542428,26.662921,120.493,ok,1,
2026-09-29T13:57:28.556725Z,276,26.60443,26.724672,120.242,ok,0,
2026-09-29T13:57:28.618525Z,277,26.66643,26.786477,120.047,ok,1,
2026-09-29T13:57:28.681087Z,278,26.728433,26.849034,120.601,ok,0,
2026-09-29T13:57:28.742635Z,279,26.790429,26.910584,120.155,ok,1,
2026-09-29T13:57:28.804450Z,280,26.852432,26.972394,119.962,ok,0,
2026-09-29T13:57:28.866727Z,281,26.91443,27.034677,120.247,ok,1,
2026-09-29T13:57:28.928860Z,282,26.97643,27.096805,120.375,ok,0,
2026-09-29T13:57:28.990372Z,283,27.03843,27.158323,119.893,ok,1,
2026-09-29T13:57:29.052700Z,284,27.100432,27.220646,120.214,ok,0,
2026-09-29T13:57:29.114161Z,285,27.162428,27.282114,119.686,ok,1,
2026-09-29T13:57:29.176848Z,286,27.224431,27.344794,120.363,ok,0,
2026-09-29T13:57:29.238586Z,287,27.286428,27.406539,120.111,ok,1,
2026-09-29T13:57:29.300691Z,288,27.348431,27.468639,120.208,ok,0,
2026-09-29T13:57:29.363095Z,289,27.410429,27.531045,120.616,ok,1,
2026-09-29T13:57:29.424764Z,290,27.472433,27.592708,120.275,ok,0,
2026-09-29T13:57:29.486607Z,291,27.534429,27.654559,120.13,ok,1,
2026-09-29T13:57:29.548388Z,292,27.596428,27.716334,119.906,ok,0,
2026-09-29T13:57:29.611698Z,293,27.658433,27.77965,121.217,ok,1,
2026-09-29T13:57:29.673113Z,294,27.720428,27.841059,120.631,ok,0,
2026-09-29T13:57:29.735662Z,295,27.78243,27.903614,121.184,ok,1,
2026-09-29T13:57:29.796873Z,296,27.844435,27.964818,120.383,ok,0,
2026-09-29T13:57:29.858669Z,297,27.906429,28.026619,120.19,ok,1,
2026-09-29T13:57:29.920912Z,298,27.96843,28.088854,120.424,ok,0,
2026-09-29T13:57:29.982250Z,299,28.03043,28.150201,119.771,ok,1,
2026-09-29T13:57:30.044390Z,300,28.09243,28.212333,119.903,ok,0,
2026-09-29T13:57:30.106705Z,301,28.154429,28.274654,120.225,ok,1,
2026-09-29T13:57:30.168609Z,302,28.216434,28.336557,120.123,ok,0,
2026-09-29T13:57:30.230750Z,303,28.278429,28.398702,120.273,ok,1,
2026-09-29T13:57:30.292744Z,304,28.340429,28.460696,120.267,ok,0,
2026-09-29T13:57:30.354350Z,305,28.40243,28.522288,119.858,ok,1,
2026-09-29T13:57:30.416609Z,306,28.464432,28.584557,120.125,ok,0,
2026-09-29T13:57:30.479183Z,307,28.526428,28.647127,120.699,ok,1,
2026-09-29T13:57:30.541117Z,308,28.588429,28.70906,120.631,ok,0,
2026-09-29T13:57:30.602588Z,309,28.650446,28.77053,120.084,ok,1,
2026-09-29T13:57:30.664473Z,310,28.712432,28.832416,119.984,ok,0,
2026-09-29T13:57:30.726389Z,311,28.774429,28.89434,119.911,ok,1,
2026-09-29T13:57:30.788550Z,312,28.836435,28.956501,120.066,ok,0,
2026-09-29T13:57:30.850368Z,313,28.898433,29.018314,119.881,ok,1,
2026-09-29T13:57:30.912256Z,314,28.960435,29.080205,119.77,ok,0,
2026-09-29T13:57:30.974586Z,315,29.022435,29.142529,120.094,ok,1,
2026-09-29T13:57:31.036478Z,316,29.084431,29.204423,119.992,ok,0,
2026-09-29T13:57:31.098374Z,317,29.146432,29.266327,119.895,ok,1,
2026-09-29T13:57:31.160557Z,318,29.20843,29.32851,120.08,ok,0,
2026-09-29T13:57:31.222399Z,319,29.270432,29.390345,119.913,ok,1,
2026-09-29T13:57:31.284379Z,320,29.33243,29.452323,119.893,ok,0,
2026-09-29T13:57:31.346884Z,321,29.394432,29.514828,120.396,ok,1,
2026-09-29T13:57:31.408317Z,322,29.456433,29.576266,119.833,ok,0,
2026-09-29T13:57:31.470970Z,323,29.518432,29.638917,120.485,ok,1,
2026-09-29T13:57:31.532804Z,324,29.580431,29.700745,120.314,ok,0,
2026-09-29T13:57:31.594399Z,325,29.642429,29.76235,119.921,ok,1,
2026-09-29T13:57:31.656829Z,326,29.704429,29.824773,120.344,ok,0,
2026-09-29T13:57:31.718495Z,327,29.766434,29.886449,120.015,ok,1,
2026-09-29T13:57:31.780434Z,328,29.828434,29.948383,119.949,ok,0,
2026-09-29T13:57:31.842486Z,329,29.89043,30.01044,120.01,ok,1,
2026-09-29T13:57:31.904546Z,330,29.952434,30.072498,120.064,ok,0,
2026-09-29T13:57:31.969592Z,331,30.014429,30.137545,123.116,ok,1,
2026-09-29T13:57:32.028283Z,332,30.07643,30.196235,119.805,ok,0,
2026-09-29T13:57:32.090921Z,333,30.138433,30.258872,120.439,ok,1,
2026-09-29T13:57:32.152303Z,334,30.200429,30.320257,119.828,ok,0,
2026-09-29T13:57:32.214538Z,335,30.262433,30.382491,120.058,ok,1,
2026-09-29T13:57:32.276582Z,336,30.324429,30.444534,120.105,ok,0,
2026-09-29T13:57:32.338295Z,337,30.386434,30.506244,119.81,ok,1,
2026-09-29T13:57:32.400858Z,338,30.448429,30.568805,120.376,ok,0,
2026-09-29T13:57:32.462752Z,339,30.51043,30.630705,120.275,ok,1,
2026-09-29T13:57:32.524388Z,340,30.57243,30.692341,119.911,ok,0,
2026-09-29T13:57:32.586534Z,341,30.634434,30.754488,120.054,ok,1,
2026-09-29T13:57:32.648301Z,342,30.69643,30.816253,119.823,ok,0,
2026-09-29T13:57:32.708660Z,343,30.756438,30.876611,120.173,ok,1,
2026-09-29T13:57:32.770567Z,344,30.818432,30.938517,120.085,ok,0,
2026-09-29T13:57:32.832669Z,345,30.88043,31.000621,120.191,ok,1,
2026-09-29T13:57:32.894471Z,346,30.94243,31.062414,119.984,ok,0,
2026-09-29T13:57:32.956582Z,347,31.00443,31.12453,120.1,ok,1,
2026-09-29T13:57:33.019287Z,348,31.066432,31.187238,120.806,ok,0,
2026-09-29T13:57:33.080977Z,349,31.128431,31.248921,120.49,ok,1,
2026-09-29T13:57:33.142634Z,350,31.190429,31.310581,120.152,ok,0,
2026-09-29T13:57:33.204454Z,351,31.252431,31.3724,119.969,ok,1,
2026-09-29T13:57:33.266763Z,352,31.314433,31.434714,120.281,ok,0,
2026-09-29T13:57:33.328480Z,353,31.376435,31.496427,119.992,ok,1,
2026-09-29T13:57:33.390806Z,354,31.438437,31.558756,120.319,ok,0,
2026-09-29T13:57:33.452445Z,355,31.50043,31.62039,119.96,ok,1,
2026-09-29T13:57:33.514292Z,356,31.562434,31.682238,119.804,ok,0,
2026-09-29T13:57:33.576817Z,357,31.624429,31.744769,120.34,ok,1,
2026-09-29T13:57:33.638359Z,358,31.686432,31.806312,119.88,ok,0,
2026-09-29T13:57:33.700381Z,359,31.74843,31.868336,119.906,ok,1,
2026-09-29T13:57:33.762427Z,360,31.810432,31.930382,119.95,ok,0,
2026-09-29T13:57:33.824487Z,361,31.872431,31.992438,120.007,ok,1,
2026-09-29T13:57:33.886406Z,362,31.934431,32.054354,119.923,ok,0,
2026-09-29T13:57:33.948763Z,363,31.996435,32.116713,120.278,ok,1,
2026-09-29T13:57:34.010468Z,364,32.058433,32.178413,119.98,ok,0,
2026-09-29T13:57:34.072244Z,365,32.120431,32.240192,119.761,ok,1,
2026-09-29T13:57:34.134211Z,366,32.182431,32.302156,119.725,ok,0,
2026-09-29T13:57:34.237555Z,367,32.244429,32.405497,161.068,ok,1,
2026-09-29T13:57:34.258623Z,368,32.306426,32.426569,120.143,ok,0,
2026-09-29T13:57:34.359087Z,369,32.406432,32.52703,120.598,ok,1,
2026-09-29T13:57:34.420636Z,370,32.468427,32.588584,120.157,ok,0,
2026-09-29T13:57:34.482554Z,371,32.530429,32.650504,120.075,ok,1,
2026-09-29T13:57:34.544559Z,372,32.59243,32.712511,120.081,ok,0,
2026-09-29T13:57:34.606461Z,373,32.654428,32.774414,119.986,ok,1,
2026-09-29T13:57:34.668419Z,374,32.716432,32.836374,119.942,ok,0,
2026-09-29T13:57:34.730593Z,375,32.77843,32.898546,120.116,ok,1,
2026-09-29T13:57:34.792679Z,376,32.840434,32.960634,120.2,ok,0,
2026-09-29T13:57:34.854378Z,377,32.902428,33.022333,119.905,ok,1,
2026-09-29T13:57:34.916926Z,378,32.964429,33.084878,120.449,ok,0,
2026-09-29T13:57:34.978887Z,379,33.026429,33.146838,120.409,ok,1,
2026-09-29T13:57:35.041143Z,380,33.088438,33.209087,120.649,ok,0,
2026-09-29T13:57:35.102369Z,381,33.150429,33.270321,119.892,ok,1,
2026-09-29T13:57:35.164439Z,382,33.212428,33.332392,119.964,ok,0,
2026-09-29T13:57:35.227734Z,383,33.274429,33.395684,121.255,ok,1,
2026-09-29T13:57:35.289407Z,384,33.336431,33.457354,120.923,ok,0,
2026-09-29T13:57:35.351580Z,385,33.398429,33.519522,121.093,ok,1,
2026-09-29T13:57:35.413142Z,386,33.46043,33.581095,120.665,ok,0,
2026-09-29T13:57:35.474632Z,387,33.522428,33.642574,120.146,ok,1,
2026-09-29T13:57:35.536600Z,388,33.584433,33.704547,120.114,ok,0,
2026-09-29T13:57:35.600049Z,389,33.646431,33.767997,121.566,ok,1,
2026-09-29T13:57:35.662515Z,390,33.708432,33.830452,122.02,ok,0,
2026-09-29T13:57:35.723634Z,391,33.770428,33.891581,121.153,ok,1,
2026-09-29T13:57:35.785519Z,392,33.83244,33.95346,121.02,ok,0,
2026-09-29T13:57:35.846570Z,393,33.894432,34.014517,120.085,ok,1,
2026-09-29T13:57:35.908648Z,394,33.956431,34.076594,120.163,ok,0,
2026-09-29T13:57:35.970474Z,395,34.018431,34.13842,119.989,ok,1,
2026-09-29T13:57:36.032697Z,396,34.080434,34.200645,120.211,ok,0,
2026-09-29T13:57:36.094756Z,397,34.142432,34.262706,120.274,ok,1,
2026-09-29T13:57:36.156719Z,398,34.204429,34.324664,120.235,ok,0,
2026-09-29T13:57:36.218959Z,399,34.266431,34.386907,120.476,ok,1,
2026-09-29T13:57:36.280818Z,400,34.328429,34.448755,120.326,ok,0,
2026-09-29T13:57:36.342870Z,401,34.39043,34.510816,120.386,ok,1,
2026-09-29T13:57:36.404826Z,402,34.452423,34.572768,120.345,ok,0,
2026-09-29T13:57:36.466928Z,403,34.514429,34.634872,120.443,ok,1,
2026-09-29T13:57:36.529039Z,404,34.576438,34.69699,120.552,ok,0,
2026-09-29T13:57:36.590584Z,405,34.638436,34.758533,120.097,ok,1,
2026-09-29T13:57:36.652829Z,406,34.700436,34.820777,120.341,ok,0,
2026-09-29T13:57:36.715402Z,407,34.762427,34.883351,120.924,ok,1,
2026-09-29T13:57:36.776931Z,408,34.824429,34.944884,120.455,ok,0,
2026-09-29T13:57:42.202571Z,409,34.886428,40.370527,5484.099,conn_error,1,"StatementCompletionUnknown: result is ambiguous: error=gRPC: failed to connect to n1 at 100.92.54.123:26257: initial connection heartbeat failed: grpc: connection error: desc = ""transport: error while"
2026-09-29T13:57:42.202973Z,410,34.948429,40.370932,5422.503,conn_error,0,"StatementCompletionUnknown: result is ambiguous: error=gRPC: failed to connect to n1 at 100.92.54.123:26257: initial connection heartbeat failed: grpc: connection error: desc = ""transport: error while"
2026-09-29T13:57:42.502145Z,411,40.370672,40.670093,299.421,ok,1,
2026-09-29T13:57:42.561648Z,412,40.432431,40.729596,297.165,ok,0,
2026-09-29T13:57:42.721632Z,413,40.67043,40.88958,219.15,ok,1,
2026-09-29T13:57:42.783724Z,414,40.732431,40.951668,219.237,ok,0,
2026-09-29T13:57:42.943984Z,415,40.890431,41.111931,221.5,ok,1,
2026-09-29T13:57:43.004017Z,416,40.952435,41.171966,219.531,ok,0,
2026-09-29T13:57:43.166580Z,417,41.112432,41.334531,222.099,ok,1,
2026-09-29T13:57:43.225814Z,418,41.174431,41.393766,219.335,ok,0,
2026-09-29T13:57:43.387870Z,419,41.336434,41.555818,219.384,ok,1,
2026-09-29T13:57:43.449662Z,420,41.398432,41.617615,219.183,ok,0,
2026-09-29T13:57:43.632207Z,421,41.55643,41.800149,243.719,ok,1,
2026-09-29T13:57:43.695347Z,422,41.618432,41.863277,244.845,ok,0,
2026-09-29T13:57:43.851827Z,423,41.800436,42.019766,219.33,ok,1,
2026-09-29T13:57:43.917854Z,424,41.864431,42.085794,221.363,ok,0,
2026-09-29T13:57:44.071708Z,425,42.020438,42.23965,219.212,ok,1,
2026-09-29T13:57:44.141918Z,426,42.086436,42.309864,223.428,ok,0,
2026-09-29T13:57:44.292993Z,427,42.240438,42.46094,220.502,ok,1,
2026-09-29T13:57:44.404390Z,428,42.350465,42.572335,221.87,ok,0,
2026-09-29T13:57:44.514271Z,429,42.462435,42.682219,219.784,ok,1,
2026-09-29T13:57:44.626693Z,430,42.574442,42.794643,220.201,ok,0,
2026-09-29T13:57:44.738142Z,431,42.684432,42.906091,221.659,ok,1,
2026-09-29T13:57:44.848235Z,432,42.796431,43.016186,219.755,ok,0,
2026-09-29T13:57:44.960087Z,433,42.906436,43.128031,221.595,ok,1,
2026-09-29T13:57:45.072472Z,434,43.01644,43.240414,223.974,ok,0,
2026-09-29T13:57:45.180800Z,435,43.128438,43.348747,220.309,ok,1,
2026-09-29T13:57:45.294368Z,436,43.242439,43.462318,219.879,ok,0,
2026-09-29T13:57:45.415268Z,437,43.352434,43.583208,230.774,ok,1,
2026-09-29T13:57:45.513881Z,438,43.462452,43.681829,219.377,ok,0,
2026-09-29T13:57:45.635353Z,439,43.58444,43.803289,218.849,ok,1,
2026-09-29T13:57:45.749573Z,440,43.696428,43.917527,221.099,ok,0,
2026-09-29T13:57:45.860163Z,441,43.808428,44.028114,219.686,ok,1,
2026-09-29T13:57:45.974159Z,442,43.9204,44.142107,221.707,ok,0,
2026-09-29T13:57:46.083608Z,443,44.032431,44.251556,219.125,ok,1,
2026-09-29T13:57:46.195117Z,444,44.14443,44.363063,218.633,ok,0,
2026-09-29T13:57:46.307669Z,445,44.256435,44.475611,219.176,ok,1,
2026-09-29T13:57:46.419351Z,446,44.368431,44.587282,218.851,ok,0,
2026-09-29T13:57:46.532662Z,447,44.480429,44.700606,220.177,ok,1,
2026-09-29T13:57:46.645436Z,448,44.592431,44.813384,220.953,ok,0,
2026-09-29T13:57:46.755717Z,449,44.704451,44.923662,219.211,ok,1,
2026-09-29T13:57:46.867359Z,450,44.816431,45.035289,218.858,ok,0,
2026-09-29T13:57:46.979796Z,451,44.928437,45.14774,219.303,ok,1,
2026-09-29T13:57:47.092275Z,452,45.040433,45.260227,219.794,ok,0,
2026-09-29T13:57:47.206226Z,453,45.152428,45.374174,221.746,ok,1,
2026-09-29T13:57:47.318029Z,454,45.264431,45.485975,221.544,ok,0,
2026-09-29T13:57:47.429604Z,455,45.376434,45.597558,221.124,ok,1,
2026-09-29T13:57:47.541683Z,456,45.488434,45.709625,221.191,ok,0,
2026-09-29T13:57:47.653539Z,457,45.600429,45.821492,221.063,ok,1,
2026-09-29T13:57:47.774126Z,458,45.712432,45.942068,229.636,ok,0,
2026-09-29T13:57:47.877883Z,459,45.824432,46.04583,221.398,ok,1,
2026-09-29T13:57:47.994081Z,460,45.942432,46.162029,219.597,ok,0,
2026-09-29T13:57:48.106842Z,461,46.054429,46.274794,220.365,ok,1,
2026-09-29T13:57:48.218225Z,462,46.166427,46.386171,219.744,ok,0,
2026-09-29T13:57:48.329455Z,463,46.278428,46.4974,218.972,ok,1,
2026-09-29T13:57:48.441432Z,464,46.39043,46.609378,218.948,ok,0,
2026-09-29T13:57:48.553789Z,465,46.502427,46.721742,219.315,ok,1,
2026-09-29T13:57:48.666866Z,466,46.614434,46.834812,220.378,ok,0,
2026-09-29T13:57:48.775903Z,467,46.724435,46.94385,219.415,ok,1,
2026-09-29T13:57:48.887802Z,468,46.836433,47.055754,219.321,ok,0,
2026-09-29T13:57:48.997911Z,469,46.94643,47.16586,219.43,ok,1,
2026-09-29T13:57:49.107560Z,470,47.056431,47.275504,219.073,ok,0,
2026-09-29T13:57:49.217843Z,471,47.166431,47.385788,219.357,ok,1,
2026-09-29T13:57:49.327793Z,472,47.276433,47.495737,219.304,ok,0,
2026-09-29T13:57:49.439141Z,473,47.386436,47.607086,220.65,ok,1,
2026-09-29T13:57:49.548011Z,474,47.496435,47.715956,219.521,ok,0,
2026-09-29T13:57:49.662761Z,475,47.608436,47.830703,222.267,ok,1,
2026-09-29T13:57:49.774784Z,476,47.718429,47.942728,224.299,ok,0,
2026-09-29T13:57:49.883461Z,477,47.832434,48.051401,218.967,ok,1,
2026-09-29T13:57:49.996669Z,478,47.944433,48.164611,220.178,ok,0,
2026-09-29T13:57:50.106182Z,479,48.054432,48.274125,219.693,ok,1,
2026-09-29T13:57:50.218306Z,480,48.166436,48.38625,219.814,ok,0,
2026-09-29T13:57:50.330892Z,481,48.276438,48.498837,222.399,ok,1,
2026-09-29T13:57:50.442662Z,482,48.38643,48.610609,224.179,ok,0,
2026-09-29T13:57:50.552169Z,483,48.500435,48.720121,219.686,ok,1,
2026-09-29T13:57:50.665026Z,484,48.61243,48.832971,220.541,ok,0,
2026-09-29T13:57:50.773877Z,485,48.722434,48.941826,219.392,ok,1,
2026-09-29T13:57:50.886267Z,486,48.834435,49.054221,219.786,ok,0,
2026-09-29T13:57:50.996184Z,487,48.94443,49.164126,219.696,ok,1,
2026-09-29T13:57:51.106198Z,488,49.054437,49.274142,219.705,ok,0,
2026-09-29T13:57:51.216278Z,489,49.164433,49.384224,219.791,ok,1,
2026-09-29T13:57:51.325387Z,490,49.274437,49.493332,218.895,ok,0,
2026-09-29T13:57:51.436075Z,491,49.384445,49.604022,219.577,ok,1,
2026-09-29T13:57:51.546164Z,492,49.494433,49.714109,219.676,ok,0,
2026-09-29T13:57:51.655539Z,493,49.604432,49.823486,219.054,ok,1,
2026-09-29T13:57:51.767701Z,494,49.714434,49.935649,221.215,ok,0,
2026-09-29T13:57:51.877579Z,495,49.824434,50.045529,221.095,ok,1,
2026-09-29T13:57:51.988360Z,496,49.936433,50.156309,219.876,ok,0,
2026-09-29T13:57:52.101238Z,497,50.046431,50.269188,222.757,ok,1,
2026-09-29T13:57:52.208064Z,498,50.156434,50.376016,219.582,ok,0,
2026-09-29T13:57:52.324475Z,499,50.270432,50.492422,221.99,ok,1,
2026-09-29T13:57:52.439246Z,500,50.380427,50.607196,226.769,ok,0,
2026-09-29T13:57:52.549187Z,501,50.492548,50.717136,224.588,ok,1,
2026-09-29T13:57:52.660188Z,502,50.60843,50.828141,219.711,ok,0,
2026-09-29T13:57:52.770547Z,503,50.71843,50.938499,220.069,ok,1,
2026-09-29T13:57:52.880083Z,504,50.828429,51.048026,219.597,ok,0,
2026-09-29T13:57:52.992134Z,505,50.940432,51.160084,219.652,ok,1,
2026-09-29T13:57:53.101848Z,506,51.050428,51.269798,219.37,ok,0,
2026-09-29T13:57:53.215021Z,507,51.160435,51.382965,222.53,ok,1,
2026-09-29T13:57:53.321743Z,508,51.270432,51.489692,219.26,ok,0,
2026-09-29T13:57:53.436129Z,509,51.384432,51.60408,219.648,ok,1,
2026-09-29T13:57:53.545684Z,510,51.49443,51.713636,219.206,ok,0,
2026-09-29T13:57:53.656805Z,511,51.604433,51.824753,220.32,ok,1,
2026-09-29T13:57:53.766551Z,512,51.714433,51.934498,220.065,ok,0,
2026-09-29T13:57:53.877817Z,513,51.82643,52.045763,219.333,ok,1,
2026-09-29T13:57:53.987825Z,514,51.936433,52.155768,219.335,ok,0,
2026-09-29T13:57:54.098800Z,515,52.046433,52.26675,220.317,ok,1,
2026-09-29T13:57:54.210267Z,516,52.156433,52.378214,221.781,ok,0,
2026-09-29T13:57:54.319534Z,517,52.268433,52.487484,219.051,ok,1,
2026-09-29T13:57:54.430085Z,518,52.378432,52.598031,219.599,ok,0,
2026-09-29T13:57:54.539798Z,519,52.488434,52.707739,219.305,ok,1,
2026-09-29T13:57:54.649422Z,520,52.598429,52.817368,218.939,ok,0,
2026-09-29T13:57:54.762000Z,521,52.708437,52.929943,221.506,ok,1,
2026-09-29T13:57:54.870015Z,522,52.818433,53.037963,219.53,ok,0,
2026-09-29T13:57:54.983431Z,523,52.930434,53.151376,220.942,ok,1,
2026-09-29T13:57:55.093813Z,524,53.040429,53.261759,221.33,ok,0,
2026-09-29T13:57:55.203732Z,525,53.152431,53.371676,219.245,ok,1,
2026-09-29T13:57:55.314048Z,526,53.262432,53.481995,219.563,ok,0,
2026-09-29T13:57:55.424638Z,527,53.372436,53.592589,220.153,ok,1,
2026-09-29T13:57:55.533836Z,528,53.482431,53.701788,219.357,ok,0,
2026-09-29T13:57:55.647558Z,529,53.594431,53.815503,221.072,ok,1,
2026-09-29T13:57:55.758128Z,530,53.704428,53.926074,221.646,ok,0,
2026-09-29T13:57:55.867694Z,531,53.816431,54.035643,219.212,ok,1,
2026-09-29T13:57:55.980051Z,532,53.926433,54.147998,221.565,ok,0,
2026-09-29T13:57:56.088833Z,533,54.036436,54.256776,220.34,ok,1,
2026-09-29T13:57:56.199706Z,534,54.148431,54.367649,219.218,ok,0,
2026-09-29T13:57:56.309820Z,535,54.258432,54.477767,219.335,ok,1,
2026-09-29T13:57:56.421114Z,536,54.368436,54.589058,220.622,ok,0,
2026-09-29T13:57:56.529646Z,537,54.47843,54.697593,219.163,ok,1,
2026-09-29T13:57:56.642562Z,538,54.590434,54.810507,220.073,ok,0,
2026-09-29T13:57:56.752039Z,539,54.700432,54.919985,219.553,ok,1,
2026-09-29T13:57:56.863557Z,540,54.812434,55.031503,219.069,ok,0,
2026-09-29T13:57:56.973945Z,541,54.922432,55.141892,219.46,ok,1,
2026-09-29T13:57:57.090281Z,542,55.032434,55.258228,225.794,ok,0,
2026-09-29T13:57:57.199068Z,543,55.142432,55.367019,224.587,ok,1,
2026-09-29T13:57:57.309682Z,544,55.258431,55.477632,219.201,ok,0,
2026-09-29T13:57:57.420651Z,545,55.368435,55.588599,220.164,ok,1,
2026-09-29T13:57:57.530844Z,546,55.47843,55.69879,220.36,ok,0,
2026-09-29T13:57:57.641902Z,547,55.590431,55.809854,219.423,ok,1,
2026-09-29T13:57:57.754178Z,548,55.702429,55.922133,219.704,ok,0,
2026-09-29T13:57:57.867116Z,549,55.812429,56.03507,222.641,ok,1,
2026-09-29T13:57:57.973460Z,550,55.922427,56.141414,218.987,ok,0,
2026-09-29T13:57:58.090203Z,551,56.036431,56.258157,221.726,ok,1,
2026-09-29T13:57:58.203666Z,552,56.146431,56.371621,225.19,ok,0,
2026-09-29T13:57:58.311371Z,553,56.258432,56.479326,220.894,ok,1,
2026-09-29T13:57:58.424192Z,554,56.372397,56.592141,219.744,ok,0,
2026-09-29T13:57:58.535541Z,555,56.484428,56.703495,219.067,ok,1,
2026-09-29T13:57:58.648264Z,556,56.596428,56.816219,219.791,ok,0,
2026-09-29T13:57:58.759362Z,557,56.708426,56.927317,218.891,ok,1,
2026-09-29T13:57:58.869861Z,558,56.81843,57.037804,219.374,ok,0,
2026-09-29T13:57:58.979529Z,559,56.928431,57.147475,219.044,ok,1,
2026-09-29T13:57:59.093591Z,560,57.03843,57.261536,223.106,ok,0,
2026-09-29T13:57:59.199390Z,561,57.148429,57.367335,218.906,ok,1,
2026-09-29T13:57:59.316122Z,562,57.262432,57.484076,221.644,ok,0,
2026-09-29T13:57:59.426766Z,563,57.372428,57.59472,222.292,ok,1,
2026-09-29T13:57:59.536566Z,564,57.48443,57.704519,220.089,ok,0,
2026-09-29T13:57:59.650229Z,565,57.596431,57.818184,221.753,ok,1,
2026-09-29T13:57:59.758858Z,566,57.706429,57.926813,220.384,ok,0,
2026-09-29T13:57:59.870374Z,567,57.818428,58.038329,219.901,ok,1,
2026-09-29T13:57:59.983780Z,568,57.930434,58.151725,221.291,ok,0,
2026-09-29T13:58:00.095962Z,569,58.042429,58.263916,221.487,ok,1,
2026-09-29T13:58:00.209421Z,570,58.154429,58.377367,222.938,ok,0,
2026-09-29T13:58:00.317603Z,571,58.266429,58.48555,219.121,ok,1,
2026-09-29T13:58:00.429613Z,572,58.37843,58.59756,219.13,ok,0,
2026-09-29T13:58:00.541953Z,573,58.49043,58.709901,219.471,ok,1,
2026-09-29T13:58:00.653896Z,574,58.602431,58.821841,219.41,ok,0,
2026-09-29T13:58:00.766215Z,575,58.714428,58.934168,219.74,ok,1,
2026-09-29T13:58:00.878043Z,576,58.826428,59.045997,219.569,ok,0,
2026-09-29T13:58:00.988415Z,577,58.936429,59.156361,219.932,ok,1,
2026-09-29T13:58:01.097724Z,578,59.046433,59.26567,219.237,ok,0,
2026-09-29T13:58:01.207778Z,579,59.1565,59.375719,219.219,ok,1,
2026-09-29T13:58:01.317810Z,580,59.266436,59.485754,219.318,ok,0,
2026-09-29T13:58:01.427688Z,581,59.376435,59.595632,219.197,ok,1,
2026-09-29T13:58:01.539121Z,582,59.486436,59.707061,220.625,ok,0,
2026-09-29T13:58:01.648586Z,583,59.596438,59.816531,220.093,ok,1,
2026-09-29T13:58:01.760035Z,584,59.708432,59.927982,219.55,ok,0,
2026-09-29T13:58:01.869849Z,585,59.818432,60.037796,219.364,ok,1,
2026-09-29T13:58:01.980818Z,586,59.928435,60.148766,220.331,ok,0,
2026-09-29T13:58:02.091524Z,587,60.038432,60.259476,221.044,ok,1,
2026-09-29T13:58:02.202213Z,588,60.150434,60.370163,219.729,ok,0,
2026-09-29T13:58:02.318123Z,589,60.260436,60.486068,225.632,ok,1,
2026-09-29T13:58:02.425534Z,590,60.370434,60.59348,223.046,ok,0,
2026-09-29T13:58:02.542774Z,591,60.486434,60.710723,224.289,ok,1,
2026-09-29T13:58:02.649209Z,592,60.596432,60.817156,220.724,ok,0,
2026-09-29T13:58:02.766766Z,593,60.712432,60.934714,222.282,ok,1,
2026-09-29T13:58:02.876849Z,594,60.824431,61.044797,220.366,ok,0,
2026-09-29T13:58:02.989515Z,595,60.936432,61.157461,221.029,ok,1,
2026-09-29T13:58:03.101025Z,596,61.048472,61.268968,220.496,ok,0,
2026-09-29T13:58:03.213146Z,597,61.160428,61.38109,220.662,ok,1,
2026-09-29T13:58:03.325088Z,598,61.272432,61.49304,220.608,ok,0,
2026-09-29T13:58:03.436319Z,599,61.38443,61.604263,219.833,ok,1,
2026-09-29T13:58:03.551757Z,600,61.496436,61.719708,223.272,ok,0,
2026-09-29T13:58:03.660580Z,601,61.608446,61.82853,220.084,ok,1,
2026-09-29T13:58:03.771683Z,602,61.720433,61.939633,219.2,ok,0,
2026-09-29T13:58:03.883870Z,603,61.832428,62.051816,219.388,ok,1,
2026-09-29T13:58:03.996072Z,604,61.94443,62.164017,219.587,ok,0,
2026-09-29T13:58:04.109917Z,605,62.056429,62.277867,221.438,ok,1,
2026-09-29T13:58:04.220154Z,606,62.168429,62.3881,219.671,ok,0,
2026-09-29T13:58:04.331646Z,607,62.28043,62.499593,219.163,ok,1,
2026-09-29T13:58:04.444061Z,608,62.39243,62.612015,219.585,ok,0,
2026-09-29T13:58:04.555587Z,609,62.504428,62.723533,219.105,ok,1,
2026-09-29T13:58:04.668710Z,610,62.616426,62.836655,220.229,ok,0,
2026-09-29T13:58:04.786243Z,611,62.728429,62.954189,225.76,ok,1,
2026-09-29T13:58:04.894495Z,612,62.840433,63.062439,222.006,ok,0,
2026-09-29T13:58:05.005860Z,613,62.954431,63.173804,219.373,ok,1,
2026-09-29T13:58:05.118735Z,614,63.066428,63.286681,220.253,ok,0,
2026-09-29T13:58:05.229907Z,615,63.178429,63.397855,219.426,ok,1,
2026-09-29T13:58:05.342774Z,616,63.29043,63.51072,220.29,ok,0,
2026-09-29T13:58:05.454077Z,617,63.402432,63.622019,219.587,ok,1,
2026-09-29T13:58:05.566535Z,618,63.51443,63.734475,220.045,ok,0,
2026-09-29T13:58:05.677958Z,619,63.626436,63.845901,219.465,ok,1,
2026-09-29T13:58:05.790046Z,620,63.738441,63.957992,219.551,ok,0,
2026-09-29T13:58:05.902320Z,621,63.850431,64.07026,219.829,ok,1,
2026-09-29T13:58:06.020565Z,622,63.962431,64.18851,226.079,ok,0,
2026-09-29T13:58:06.125932Z,623,64.074461,64.293878,219.417,ok,1,
2026-09-29T13:58:06.242217Z,624,64.19045,64.410163,219.713,ok,0,
2026-09-29T13:58:06.354301Z,625,64.302428,64.522247,219.819,ok,1,
2026-09-29T13:58:06.465595Z,626,64.414427,64.633541,219.114,ok,0,
2026-09-29T13:58:06.578403Z,627,64.524434,64.746351,221.917,ok,1,
2026-09-29T13:58:06.688111Z,628,64.63443,64.856056,221.626,ok,0,
2026-09-29T13:58:06.805453Z,629,64.748435,64.973399,224.964,ok,1,
2026-09-29T13:58:06.910401Z,630,64.858429,65.078346,219.917,ok,0,
2026-09-29T13:58:07.026510Z,631,64.974428,65.194451,220.023,ok,1,
2026-09-29T13:58:07.140120Z,632,65.084429,65.308064,223.635,ok,0,
2026-09-29T13:58:07.248571Z,633,65.196436,65.416516,220.08,ok,1,
2026-09-29T13:58:07.367306Z,634,65.308429,65.535251,226.822,ok,0,
2026-09-29T13:58:07.471196Z,635,65.418433,65.639141,220.708,ok,1,
2026-09-29T13:58:07.595779Z,636,65.536433,65.763725,227.292,ok,0,
2026-09-29T13:58:07.700081Z,637,65.648426,65.868031,219.605,ok,1,
2026-09-29T13:58:07.816779Z,638,65.764429,65.984727,220.298,ok,0,
2026-09-29T13:58:07.927521Z,639,65.876429,66.095466,219.037,ok,1,
2026-09-29T13:58:08.040361Z,640,65.98843,66.208308,219.878,ok,0,
2026-09-29T13:58:08.151909Z,641,66.10043,66.319859,219.429,ok,1,
2026-09-29T13:58:08.265683Z,642,66.212429,66.433635,221.206,ok,0,
2026-09-29T13:58:08.375480Z,643,66.324428,66.543426,218.998,ok,1,
2026-09-29T13:58:08.488727Z,644,66.436429,66.656672,220.243,ok,0,
2026-09-29T13:58:08.600473Z,645,66.54843,66.768411,219.981,ok,1,
2026-09-29T13:58:08.715270Z,646,66.660433,66.883218,222.785,ok,0,
2026-09-29T13:58:08.831974Z,647,66.772429,66.999922,227.493,ok,1,
2026-09-29T13:58:08.936139Z,648,66.884434,67.104084,219.65,ok,0,
2026-09-29T13:58:09.052826Z,649,67.000439,67.22077,220.331,ok,1,
2026-09-29T13:58:09.165089Z,650,67.112432,67.333034,220.602,ok,0,
2026-09-29T13:58:09.278587Z,651,67.224432,67.44653,222.098,ok,1,
2026-09-29T13:58:09.387733Z,652,67.33643,67.555677,219.247,ok,0,
2026-09-29T13:58:09.500327Z,653,67.448433,67.668271,219.838,ok,1,
2026-09-29T13:58:09.611617Z,654,67.560437,67.779562,219.125,ok,0,
2026-09-29T13:58:09.729640Z,655,67.67243,67.89758,225.15,ok,1,
2026-09-29T13:58:09.835494Z,656,67.784431,68.003438,219.007,ok,0,
2026-09-29T13:58:09.952017Z,657,67.898434,68.119961,221.527,ok,1,
2026-09-29T13:58:10.061373Z,658,68.01043,68.229318,218.888,ok,0,
2026-09-29T13:58:10.173890Z,659,68.122437,68.341836,219.399,ok,1,
2026-09-29T13:58:10.286492Z,660,68.234427,68.454435,220.008,ok,0,
2026-09-29T13:58:10.398156Z,661,68.346432,68.566097,219.665,ok,1,
2026-09-29T13:58:10.510126Z,662,68.458433,68.678068,219.635,ok,0,
2026-09-29T13:58:10.621554Z,663,68.570428,68.7895,219.072,ok,1,
2026-09-29T13:58:10.739491Z,664,68.682431,68.90744,225.009,ok,0,
2026-09-29T13:58:10.847720Z,665,68.794434,69.015667,221.233,ok,1,
2026-09-29T13:58:10.959956Z,666,68.908431,69.127905,219.474,ok,0,
2026-09-29T13:58:11.072077Z,667,69.020427,69.240021,219.594,ok,1,
2026-09-29T13:58:11.183249Z,668,69.130435,69.351194,220.759,ok,0,
2026-09-29T13:58:11.292193Z,669,69.240433,69.460135,219.702,ok,1,
2026-09-29T13:58:11.403851Z,670,69.352432,69.571798,219.366,ok,0,
2026-09-29T13:58:11.513981Z,671,69.462454,69.681926,219.472,ok,1,
2026-09-29T13:58:11.623669Z,672,69.572435,69.791615,219.18,ok,0,
2026-09-29T13:58:11.734431Z,673,69.682433,69.902375,219.942,ok,1,
2026-09-29T13:58:11.843788Z,674,69.792431,70.01173,219.299,ok,0,
2026-09-29T13:58:11.956189Z,675,69.904436,70.124135,219.699,ok,1,
2026-09-29T13:58:12.070832Z,676,70.01443,70.238775,224.345,ok,0,
2026-09-29T13:58:12.177272Z,677,70.12442,70.345213,220.793,ok,1,
2026-09-29T13:58:12.292482Z,678,70.240432,70.460415,219.983,ok,0,
2026-09-29T13:58:12.406406Z,679,70.350436,70.574351,223.915,ok,1,
2026-09-29T13:58:12.514644Z,680,70.46244,70.682586,220.146,ok,0,
2026-09-29T13:58:12.628661Z,681,70.576445,70.796607,220.162,ok,1,
2026-09-29T13:58:12.738726Z,682,70.686446,70.906673,220.227,ok,0,
2026-09-29T13:58:12.852292Z,683,70.798434,71.020232,221.798,ok,1,
2026-09-29T13:58:12.959856Z,684,70.908434,71.127801,219.367,ok,0,
2026-09-29T13:58:13.072523Z,685,71.020443,71.240465,220.022,ok,1,
2026-09-29T13:58:13.181838Z,686,71.130444,71.349783,219.339,ok,0,
2026-09-29T13:58:13.297194Z,687,71.242444,71.46514,222.696,ok,1,
2026-09-29T13:58:13.404829Z,688,71.352431,71.572771,220.34,ok,0,
2026-09-29T13:58:13.521883Z,689,71.466434,71.689826,223.392,ok,1,
2026-09-29T13:58:13.628530Z,690,71.576429,71.796475,220.046,ok,0,
2026-09-29T13:58:13.742576Z,691,71.690434,71.910522,220.088,ok,1,
2026-09-29T13:58:13.856168Z,692,71.802433,72.024115,221.682,ok,0,
2026-09-29T13:58:13.963386Z,693,71.912445,72.131334,218.889,ok,1,
2026-09-29T13:58:14.075786Z,694,72.024432,72.243732,219.3,ok,0,
2026-09-29T13:58:14.188116Z,695,72.13643,72.356066,219.636,ok,1,
2026-09-29T13:58:14.299917Z,696,72.248427,72.467861,219.434,ok,0,
2026-09-29T13:58:14.411746Z,697,72.360428,72.579696,219.268,ok,1,
2026-09-29T13:58:14.523432Z,698,72.47243,72.691386,218.956,ok,0,
2026-09-29T13:58:14.633845Z,699,72.582434,72.801789,219.355,ok,1,
2026-09-29T13:58:14.747831Z,700,72.69243,72.915774,223.344,ok,0,
2026-09-29T13:58:14.854105Z,701,72.802438,73.022055,219.617,ok,1,
2026-09-29T13:58:14.968397Z,702,72.916432,73.136339,219.907,ok,0,
2026-09-29T13:58:15.078818Z,703,73.026427,73.246764,220.337,ok,1,
2026-09-29T13:58:15.187516Z,704,73.136489,73.355465,218.976,ok,0,
2026-09-29T13:58:15.300579Z,705,73.248434,73.468522,220.088,ok,1,
2026-09-29T13:58:15.412318Z,706,73.360431,73.580261,219.83,ok,0,
2026-09-29T13:58:15.524565Z,707,73.47243,73.692511,220.081,ok,1,
2026-09-29T13:58:15.635769Z,708,73.584429,73.803714,219.285,ok,0,
2026-09-29T13:58:15.756573Z,709,73.696431,73.924521,228.09,ok,1,
2026-09-29T13:58:15.859587Z,710,73.808427,74.027537,219.11,ok,0,
2026-09-29T13:58:15.977767Z,711,73.926439,74.145713,219.274,ok,1,
2026-09-29T13:58:16.091174Z,712,74.038428,74.259123,220.695,ok,0,
2026-09-29T13:58:16.203836Z,713,74.150429,74.371783,221.354,ok,1,
2026-09-29T13:58:16.313485Z,714,74.262433,74.481431,218.998,ok,0,
2026-09-29T13:58:16.428579Z,715,74.37443,74.596525,222.095,ok,1,
2026-09-29T13:58:16.540312Z,716,74.484436,74.708255,223.819,ok,0,
2026-09-29T13:58:16.650523Z,717,74.598435,74.818465,220.03,ok,1,
2026-09-29T13:58:16.762074Z,718,74.710433,74.930023,219.59,ok,0,
2026-09-29T13:58:16.874224Z,719,74.822433,75.04217,219.737,ok,1,
2026-09-29T13:58:16.985961Z,720,74.934426,75.153909,219.483,ok,0,
2026-09-29T13:58:17.097892Z,721,75.044429,75.265838,221.409,ok,1,
2026-09-29T13:58:17.207420Z,722,75.154429,75.375368,220.939,ok,0,
