chart_id,title,status,reason,files
A1,Throughput-latency curve,drawn,,a1_throughput_latency_curve_mixed-engine_smoke_20260923T203817Z_bench_cluster_20260923T210425Z_bench_cluster.png a1_throughput_latency_curve_mixed-engine_smoke_20260923T203817Z_bench_cluster_20260923T210425Z_bench_cluster.svg
A2,Latency percentile fan,drawn,,a2_latency_percentile_fan_mixed-engine_smoke_20260923T203817Z_bench_cluster_20260923T210425Z_bench_cluster.png a2_latency_percentile_fan_mixed-engine_smoke_20260923T203817Z_bench_cluster_20260923T210425Z_bench_cluster.svg
A3,Concurrency slot occupancy,drawn,,a3_concurrency_slot_occupancy_mixed-engine_smoke_20260923T203817Z_bench_cluster_20260923T210425Z_bench_cluster.png a3_concurrency_slot_occupancy_mixed-engine_smoke_20260923T203817Z_bench_cluster_20260923T210425Z_bench_cluster.svg
A4,Steady-state stability,drawn,,a4_steady_state_stability_mixed-engine_smoke_20260923T203817Z_bench_cluster_20260923T210425Z_bench_cluster.png a4_steady_state_stability_mixed-engine_smoke_20260923T203817Z_bench_cluster_20260923T210425Z_bench_cluster.svg
A5,Error rate against load,drawn,,a5_error_rate_against_load_mixed-engine_smoke_20260923T203817Z_bench_cluster_20260923T210425Z_bench_cluster.png a5_error_rate_against_load_mixed-engine_smoke_20260923T203817Z_bench_cluster_20260923T210425Z_bench_cluster.svg
A6,Throughput under a latency budget,drawn,,a6_throughput_under_a_latency_budget_mixed-engine_smoke_20260923T203817Z_bench_cluster_20260923T210425Z_bench_cluster.png a6_throughput_under_a_latency_budget_mixed-engine_smoke_20260923T203817Z_bench_cluster_20260923T210425Z_bench_cluster.svg
A7,Throughput by concurrency,drawn,,a7_throughput_by_concurrency_mixed-engine_smoke_20260923T203817Z_bench_cluster_20260923T210425Z_bench_cluster.png a7_throughput_by_concurrency_mixed-engine_smoke_20260923T203817Z_bench_cluster_20260923T210425Z_bench_cluster.svg
B1,Per-node CPU timeline,drawn,,b1_per_node_cpu_timeline_mixed-engine_smoke_20260923T203817Z_bench_cluster_20260923T210425Z_bench_cluster.png b1_per_node_cpu_timeline_mixed-engine_smoke_20260923T203817Z_bench_cluster_20260923T210425Z_bench_cluster.svg
B2,CPU efficiency,drawn,,b2_cpu_efficiency_mixed-engine_smoke_20260923T203817Z_bench_cluster_20260923T210425Z_bench_cluster.png b2_cpu_efficiency_mixed-engine_smoke_20260923T203817Z_bench_cluster_20260923T210425Z_bench_cluster.svg
B3,Disk I/O and busy time,drawn,,b3_disk_i_o_and_busy_time_mixed-engine_smoke_20260923T203817Z_bench_cluster_20260923T210425Z_bench_cluster.png b3_disk_i_o_and_busy_time_mixed-engine_smoke_20260923T203817Z_bench_cluster_20260923T210425Z_bench_cluster.svg
B4,Memory headroom,drawn,,b4_memory_headroom_mixed-engine_smoke_20260923T203817Z_bench_cluster_20260923T210425Z_bench_cluster.png b4_memory_headroom_mixed-engine_smoke_20260923T203817Z_bench_cluster_20260923T210425Z_bench_cluster.svg
B5,Replication traffic amplification,drawn,,b5_replication_traffic_amplification_mixed-engine_smoke_20260923T203817Z_bench_cluster_20260923T210425Z_bench_cluster.png b5_replication_traffic_amplification_mixed-engine_smoke_20260923T203817Z_bench_cluster_20260923T210425Z_bench_cluster.svg
B6,Cluster utilisation heatmap,drawn,,b6_cluster_utilisation_heatmap_mixed-engine_smoke_20260923T203817Z_bench_cluster_20260923T210425Z_bench_cluster.png b6_cluster_utilisation_heatmap_mixed-engine_smoke_20260923T203817Z_bench_cluster_20260923T210425Z_bench_cluster.svg
B7,Cluster load imbalance,drawn,,b7_cluster_load_imbalance_mixed-engine_smoke_20260923T203817Z_bench_cluster_20260923T210425Z_bench_cluster.png b7_cluster_load_imbalance_mixed-engine_smoke_20260923T203817Z_bench_cluster_20260923T210425Z_bench_cluster.svg
C1,Probe attempt strip,drawn,,c1_probe_attempt_strip_mixed-engine_smoke_20260923T204359Z_p4-chaos-dead_20260923T204006Z_p4-chaos-recover_20260923T210911Z_p4-chaos-dead_20260923T210603Z_p4-chaos-recover.png c1_probe_attempt_strip_mixed-engine_smoke_20260923T204359Z_p4-chaos-dead_20260923T204006Z_p4-chaos-recover_20260923T210911Z_p4-chaos-dead_20260923T210603Z_p4-chaos-recover.svg
C2,Probe latency through the fault,drawn,,c2_probe_latency_through_the_fault_mixed-engine_smoke_20260923T204359Z_p4-chaos-dead_20260923T204006Z_p4-chaos-recover_20260923T210911Z_p4-chaos-dead_20260923T210603Z_p4-chaos-recover.png c2_probe_latency_through_the_fault_mixed-engine_smoke_20260923T204359Z_p4-chaos-dead_20260923T204006Z_p4-chaos-recover_20260923T210911Z_p4-chaos-dead_20260923T210603Z_p4-chaos-recover.svg
C3,Instrument agreement,drawn,,c3_instrument_agreement_mixed-engine_smoke_20260923T204359Z_p4-chaos-dead_20260923T204006Z_p4-chaos-recover_20260923T210911Z_p4-chaos-dead_20260923T210603Z_p4-chaos-recover.png c3_instrument_agreement_mixed-engine_smoke_20260923T204359Z_p4-chaos-dead_20260923T204006Z_p4-chaos-recover_20260923T210911Z_p4-chaos-dead_20260923T210603Z_p4-chaos-recover.svg
C4,Recovery decomposition,drawn,,c4_recovery_decomposition_mixed-engine_smoke_20260923T204359Z_p4-chaos-dead_20260923T204006Z_p4-chaos-recover_20260923T210911Z_p4-chaos-dead_20260923T210603Z_p4-chaos-recover.png c4_recovery_decomposition_mixed-engine_smoke_20260923T204359Z_p4-chaos-dead_20260923T204006Z_p4-chaos-recover_20260923T210911Z_p4-chaos-dead_20260923T210603Z_p4-chaos-recover.svg
C5,Post-fault settling,drawn,,c5_post_fault_settling_mixed-engine_smoke_20260923T204359Z_p4-chaos-dead_20260923T204006Z_p4-chaos-recover_20260923T210911Z_p4-chaos-dead_20260923T210603Z_p4-chaos-recover.png c5_post_fault_settling_mixed-engine_smoke_20260923T204359Z_p4-chaos-dead_20260923T204006Z_p4-chaos-recover_20260923T210911Z_p4-chaos-dead_20260923T210603Z_p4-chaos-recover.svg
C6,Read and write paths after failover,drawn,,c6_read_and_write_paths_after_failover_mixed-engine_smoke_20260923T204359Z_p4-chaos-dead_20260923T204006Z_p4-chaos-recover_20260923T210911Z_p4-chaos-dead_20260923T210603Z_p4-chaos-recover.png c6_read_and_write_paths_after_failover_mixed-engine_smoke_20260923T204359Z_p4-chaos-dead_20260923T204006Z_p4-chaos-recover_20260923T210911Z_p4-chaos-dead_20260923T210603Z_p4-chaos-recover.svg
C7,Hardware through the failover,drawn,,c7_hardware_through_the_failover_mixed-engine_smoke_20260923T204359Z_p4-chaos-dead_20260923T204006Z_p4-chaos-recover_20260923T210911Z_p4-chaos-dead_20260923T210603Z_p4-chaos-recover.png c7_hardware_through_the_failover_mixed-engine_smoke_20260923T204359Z_p4-chaos-dead_20260923T204006Z_p4-chaos-recover_20260923T210911Z_p4-chaos-dead_20260923T210603Z_p4-chaos-recover.svg
C8,RTO and RPO summary,drawn,,c8_rto_and_rpo_summary_mixed-engine_smoke_20260923T204359Z_p4-chaos-dead_20260923T204006Z_p4-chaos-recover_20260923T210911Z_p4-chaos-dead_20260923T210603Z_p4-chaos-recover.png c8_rto_and_rpo_summary_mixed-engine_smoke_20260923T204359Z_p4-chaos-dead_20260923T204006Z_p4-chaos-recover_20260923T210911Z_p4-chaos-dead_20260923T210603Z_p4-chaos-recover.svg
D1,Engine throughput-latency curves,drawn,,d1_engine_throughput_latency_curves_mixed-engine_smoke_20260923T203817Z_bench_cluster_20260923T210425Z_bench_cluster.png d1_engine_throughput_latency_curves_mixed-engine_smoke_20260923T203817Z_bench_cluster_20260923T210425Z_bench_cluster.svg
D2,Latency at matched throughput,drawn,,d2_latency_at_matched_throughput_mixed-engine_smoke_20260923T203817Z_bench_cluster_20260923T210425Z_bench_cluster.png d2_latency_at_matched_throughput_mixed-engine_smoke_20260923T203817Z_bench_cluster_20260923T210425Z_bench_cluster.svg
D3,Latency at matched utilisation,drawn,,d3_latency_at_matched_utilisation_mixed-engine_smoke_20260923T203817Z_bench_cluster_20260923T210425Z_bench_cluster.png d3_latency_at_matched_utilisation_mixed-engine_smoke_20260923T203817Z_bench_cluster_20260923T210425Z_bench_cluster.svg
D4,Engine scorecard,drawn,,d4_engine_scorecard_mixed-engine_smoke_20260923T203817Z_bench_cluster_20260923T210425Z_bench_cluster.png d4_engine_scorecard_mixed-engine_smoke_20260923T203817Z_bench_cluster_20260923T210425Z_bench_cluster.svg
D5,Cost of consistency,drawn,,d5_cost_of_consistency_mixed-engine_smoke_20260923T203817Z_bench_cluster_20260923T210425Z_bench_cluster.png d5_cost_of_consistency_mixed-engine_smoke_20260923T203817Z_bench_cluster_20260923T210425Z_bench_cluster.svg
E1,Quorum floor derivation,drawn,,e1_quorum_floor_derivation_cockroachdb_smoke_20260923T203655Z_p1-network.png e1_quorum_floor_derivation_cockroachdb_smoke_20260923T203655Z_p1-network.svg
E2,Link stability,drawn,,e2_link_stability_cockroachdb_smoke_20260923T203655Z_p1-network.png e2_link_stability_cockroachdb_smoke_20260923T203655Z_p1-network.svg
E3,Run provenance,drawn,,e3_run_provenance_mixed-engine_mixed-profile.png e3_run_provenance_mixed-engine_mixed-profile.svg
E4,Round-trip matrix,drawn,,e4_round_trip_matrix_cockroachdb_smoke_20260923T203655Z_p1-network.png e4_round_trip_matrix_cockroachdb_smoke_20260923T203655Z_p1-network.svg
