ts_utc,wall_offset_s,node,host,cpu_busy_pct,cpu_seconds_idle_cum,cpu_seconds_total_cum,mem_total_bytes,mem_available_bytes,disk_read_bytes_per_s,disk_write_bytes_per_s,disk_busy_pct,disk_read_bytes_cum,disk_write_bytes_cum,disk_io_time_seconds_cum,net_rx_bytes_per_s,net_tx_bytes_per_s,net_rx_bytes_cum,net_tx_bytes_cum,load1
2026-09-23T21:09:22.556008Z,1.334,linode-1,crdb-linode-1,,3153.0699999999997,3376.67,8322887680.0,7518121984.0,,,,239605760.0,2949185536.0,130.66,,,1008292915.0,112197159.0,0.11
2026-09-23T21:09:23.109374Z,1.888,linode-2,crdb-linode-2,,3231.26,3466.72,8322887680.0,7668809728.0,,,,240769024.0,3073748992.0,127.756,,,988498327.0,1530267535.0,0.18
2026-09-23T21:09:21.516356Z,0.294,azure-1,crdb-azure-1,,3350.2,3628.09,8327364608.0,7399297024.0,,,,472676352.0,6107276288.0,123.173,,,1095176298.0,86057689.0,0.02
2026-09-23T21:09:22.152646Z,0.931,azure-2,crdb-azure-2,,3339.26,3598.56,8327364608.0,7386693632.0,,,,437422080.0,6050362368.0,121.243,,,1008254698.0,70090809.0,0.02
2026-09-23T21:09:22.801642Z,1.58,gcp-1,crdb-gcp-1,,3350.9700000000003,3674.57,8324022272.0,7348977664.0,,,,581703680.0,7360590848.0,57.551,,,1896550654.0,3312097169.0,0.31
2026-09-23T21:09:22.900717Z,1.679,client-1,crdb-client-1,,3565.99,3728.85,8324030464.0,7731171328.0,,,,572844032.0,5524071424.0,15.046000000000001,,,514528712.0,348790900.0,0.0
2026-09-23T21:09:27.883741Z,6.662,linode-1,crdb-linode-1,1.6901408450667676,3174.01,3397.97,8322887680.0,7517872128.0,0.0,690392.5691629449,2.027139233822581,239605760.0,2952863744.0,130.768,42475.136381283664,97048.54002694356,1008519210.0,112714205.0,0.1
2026-09-23T21:09:28.152448Z,6.931,linode-2,crdb-linode-2,0.6535947712433599,3252.54,3488.14,8322887680.0,7668813824.0,0.0,15431.974550625157,1.031124944274764,240769024.0,3073826816.0,127.80799999999999,19836.06782223012,78837.23542689915,988598361.0,1530665114.0,0.16
2026-09-23T21:09:27.059966Z,5.838,azure-1,crdb-azure-1,1.089108910890113,3370.18,3648.29,8327364608.0,7398801408.0,0.0,205403.18870307432,0.5772346804829466,472676352.0,6108414976.0,123.205,17226.847495664835,72756.64337229276,1095271798.0,86461028.0,0.02
2026-09-23T21:09:27.517365Z,6.296,azure-2,crdb-azure-2,1.0752688172064984,3360.42,3619.9500000000003,8327364608.0,7386443776.0,0.0,274098.47226659645,0.689690021235865,437422080.0,6051832832.0,121.28,19789.62994446343,78385.88055136125,1008360864.0,70511328.0,0.02
2026-09-23T21:09:28.251343Z,7.03,gcp-1,crdb-gcp-1,0.8372093023269356,3372.29,3696.07,8324022272.0,7348019200.0,0.0,78918.36382774173,0.20184663367405573,581703680.0,7361020928.0,57.562000000000005,23238.419437948447,77157.34369740589,1896677296.0,3312517652.0,0.29
2026-09-23T21:09:28.339943Z,7.118,client-1,crdb-client-1,0.7455731593655868,3587.29,3750.31,8324030464.0,7725666304.0,0.0,170188.88377898515,0.22061957763105783,572844032.0,5524997120.0,15.058,51291.47790415423,65193.26903963279,514807698.0,349145501.0,0.0
2026-09-23T21:09:32.529996Z,11.308,linode-1,crdb-linode-1,1.8990775908863666,3192.09,3416.4,8322887680.0,7517896704.0,0.0,652358.4517929258,3.443615138264949,239605760.0,2955894784.0,130.928,59030.881152031296,116416.57517175647,1008793484.0,113255109.0,0.09
2026-09-23T21:09:33.132320Z,11.911,linode-2,crdb-linode-2,1.0359869138497957,3270.69,3506.48,8322887680.0,7668842496.0,0.0,28787.660667826847,2.249035989674153,240769024.0,3073970176.0,127.92,29401.527008936966,82877.98025340984,988744778.0,1531077839.0,0.15
2026-09-23T21:09:31.532226Z,10.31,azure-1,crdb-azure-1,1.3306038894563166,3389.46,3667.83,8327364608.0,7398313984.0,0.0,264686.19394779485,1.498125861208202,472676352.0,6109598720.0,123.27199999999999,29884.480518859422,97317.36154059564,1095405449.0,86896256.0,0.02
2026-09-23T21:09:32.112092Z,10.89,azure-2,crdb-azure-2,1.5267175572505454,3378.48,3638.29,8327364608.0,7386222592.0,0.0,208599.39506072787,1.1317241485497926,437422080.0,6052791296.0,121.332,30504.100949348707,98911.60238696946,1008501023.0,70965803.0,0.02
2026-09-23T21:09:33.280976Z,12.059,gcp-1,crdb-gcp-1,1.792504073872514,3390.37,3714.48,8324022272.0,7328841728.0,0.0,42347.33289434939,0.33799610276619135,581703680.0,7361233920.0,57.579,49204.27971329245,128986.66920137577,1896924776.0,3313166409.0,0.26
2026-09-23T21:09:33.284689Z,12.063,client-1,crdb-client-1,5.54046713742512,3604.6800000000003,3768.7200000000003,8324030464.0,7491887104.0,0.0,42245.69776267204,0.06066994738435438,572844032.0,5525206016.0,15.061,34794.21482492592,93586.62957089025,514979748.0,349608267.0,0.0
2026-09-23T21:09:37.492916Z,16.271,linode-1,crdb-linode-1,7.696202531645479,3210.32,3436.15,8322887680.0,7516323840.0,0.0,8601583.420039278,43.03964070053288,239605760.0,2998583296.0,133.064,8599943.843464464,283285.0613236119,1051473859.0,114661015.0,0.08
2026-09-23T21:09:37.814461Z,16.593,linode-2,crdb-linode-2,6.938159879336947,3289.2,3526.37,8322887680.0,7658942464.0,0.0,8472601.223666279,44.167999328813295,240769024.0,3113639936.0,129.988,9126292.526034381,279748.95895970485,1031475201.0,1532387658.0,0.14
2026-09-23T21:09:36.565179Z,15.343,azure-1,crdb-azure-1,9.275215408010041,3407.3599999999997,3687.56,8327364608.0,7388319744.0,0.0,7494596.428986542,23.04803050605765,472676352.0,6147318784.0,124.432,7811236.431466222,173683.59981626784,1134719152.0,87770400.0,0.01
2026-09-23T21:09:37.088695Z,15.867,azure-2,crdb-azure-2,9.081735620586107,3396.5,3658.11,8327364608.0,7405715456.0,0.0,7836242.531484704,22.927198984748582,437422080.0,6091789312.0,122.473,8167322.738376988,187694.99139409946,1049146700.0,71899890.0,0.02
2026-09-23T21:09:37.873884Z,16.652,gcp-1,crdb-gcp-1,14.803312629400123,3406.83,3733.8,8324022272.0,7320256512.0,0.0,9397799.01399807,9.492803690047603,581703680.0,7404397568.0,58.015,914932.5312860786,39000514.23890576,1901127018.0,3492293933.0,0.24
2026-09-23T21:09:37.871139Z,16.649,client-1,crdb-client-1,5.695228322217238,3623.06,3788.21,8324030464.0,7491510272.0,0.0,16075.244125666602,0.04360689053187926,572844032.0,5525279744.0,15.063,1375669.628091073,357046.896675781,521289162.0,351245838.0,0.0
2026-09-23T21:09:42.722731Z,21.501,linode-1,crdb-linode-1,7.346938775510514,3228.48,3455.75,8322887680.0,7514718208.0,0.0,7214744.505083919,45.81354439336614,239605760.0,3036315648.0,135.46,5988889.164603779,270783.4780885164,1082795117.0,116077184.0,0.08
2026-09-23T21:09:43.035607Z,21.814,linode-2,crdb-linode-2,6.098790322580783,3307.83,3546.21,8322887680.0,7641088000.0,0.0,6669801.508443517,45.507009564103676,240769024.0,3148464128.0,132.364,6012071.997987795,239022.50329036557,1062865273.0,1533635636.0,0.12
2026-09-23T21:09:41.674707Z,20.453,azure-1,crdb-azure-1,12.244897959181877,3424.56,3707.16,8327364608.0,7382081536.0,0.0,7039989.525452199,33.173273917556386,472676352.0,6183289856.0,126.127,6279265.096500586,216289.35451740754,1166803276.0,88875538.0,0.09
2026-09-23T21:09:42.080181Z,20.858,azure-2,crdb-azure-2,11.676954732510158,3413.67,3677.55,8327364608.0,7402790912.0,0.0,7130981.06620996,31.573721367128364,437422080.0,6127383552.0,124.049,6325595.736736876,222951.54273060703,1080720865.0,73012751.0,0.01
2026-09-23T21:09:42.802039Z,21.58,gcp-1,crdb-gcp-1,14.568158168573131,3423.25,3753.02,8324022272.0,7318712320.0,0.0,7911739.505064534,8.908102900703863,581703680.0,7443387392.0,58.454,882303.3561773063,26187534.62692572,1905475095.0,3621348658.0,0.3
2026-09-23T21:09:42.811897Z,21.59,client-1,crdb-client-1,5.469556243549745,3641.38,3807.59,8324030464.0,7499788288.0,0.0,156684.13602594487,0.14167764035910152,572844032.0,5526053888.0,15.07,1269594.1821107636,331527.70240660384,527561965.0,352883848.0,0.0
2026-09-23T21:09:47.668916Z,26.447,linode-1,crdb-linode-1,7.022900763359297,3246.75,3475.4,8322887680.0,7514529792.0,0.0,3940170.6864007628,50.13976923668983,239605760.0,3055804416.0,137.94,5632689.343283938,282846.5253237228,1110655376.0,117476192.0,0.07
2026-09-23T21:09:47.766548Z,26.545,linode-2,crdb-linode-2,5.353535353535155,3326.5699999999997,3566.0099999999998,8322887680.0,7624622080.0,1731.5849709278586,3388711.7881058194,51.91372910887209,240777216.0,3164495872.0,134.82,5777183.621485827,253751.1795324138,1090196700.0,1534836114.0,0.35
2026-09-23T21:09:46.661046Z,25.439,azure-1,crdb-azure-1,10.661950480041082,3442.24,3726.95,8327364608.0,7393878016.0,0.0,3442663.7786517898,31.265337174561488,472676352.0,6200456192.0,127.68599999999999,5589742.522730531,216527.20016656688,1194675704.0,89955219.0,0.33
2026-09-23T21:09:47.173800Z,25.952,azure-2,crdb-azure-2,10.911885245902209,3431.06,3697.07,8327364608.0,7418257408.0,0.0,3350868.096623415,30.21429770405512,437422080.0,6144451584.0,125.588,5382125.26859055,213989.08240981717,1108135339.0,74102729.0,0.41
2026-09-23T21:09:47.811733Z,26.59,gcp-1,crdb-gcp-1,14.85507246376978,3439.7,3772.34,8324022272.0,7315460096.0,0.0,3855834.2350142603,8.223975856096349,581703680.0,7462704128.0,58.866,897331.379599994,23265307.919971347,1909970494.0,3737901856.0,0.36
2026-09-23T21:09:47.828472Z,26.607,client-1,crdb-client-1,5.912596401028802,3659.68,3827.04,8324030464.0,7491428352.0,0.0,9797.918024443863,0.019933915251543033,572844032.0,5526103040.0,15.071,1317369.0691247093,339013.30593504506,534170647.0,354584534.0,0.0
2026-09-23T21:09:52.509484Z,31.288,linode-1,crdb-linode-1,6.893004115227064,3264.85,3494.84,8322887680.0,7514083328.0,0.0,7069008.573809454,45.036080123553326,239605760.0,3090022400.0,140.12,4961540.866089789,278715.698045737,1134672029.0,118825333.0,0.06
2026-09-23T21:09:52.829427Z,31.608,linode-2,crdb-linode-2,5.207811717576116,3345.5,3585.98,8322887680.0,7611781120.0,0.0,6150992.679533016,42.742264561832414,240777216.0,3195637760.0,136.984,4733355.013430568,231200.29607915788,1114161224.0,1536006659.0,0.33
2026-09-23T21:09:51.638520Z,30.417,azure-1,crdb-azure-1,11.651993785603077,3459.3,3746.26,8327364608.0,7379664896.0,0.0,6379191.329087606,30.437189544482184,472676352.0,6232208384.0,129.20100000000002,4828215.415349179,203297.52292540064,1218707970.0,90967125.0,0.38
2026-09-23T21:09:52.023830Z,30.802,azure-2,crdb-azure-2,11.246819338420465,3448.5,3716.72,8327364608.0,7413346304.0,0.0,6628688.939723661,29.54605847301424,437422080.0,6176601088.0,127.021,5031751.489261854,221062.66105218168,1132539609.0,75174895.0,0.46
2026-09-23T21:09:53.027005Z,31.805,gcp-1,crdb-gcp-1,15.692307692307416,3456.14,3791.84,8324022272.0,7284027392.0,0.0,6545409.729903014,7.669788444154536,581703680.0,7496840192.0,59.266,780075.3916732724,19327468.242015112,1914038796.0,3838699777.0,0.33
2026-09-23T21:09:52.863548Z,31.642,client-1,crdb-client-1,5.631659056317229,3678.2799999999997,3846.75,8324030464.0,7484166144.0,0.0,78909.04505054183,0.17874652803210156,572844032.0,5526500352.0,15.08,1162212.5071589742,312957.762783233,540022460.0,356160296.0,0.0
2026-09-23T21:09:57.736629Z,36.515,linode-1,crdb-linode-1,2.4126046282608726,3284.67,3515.15,8322887680.0,7508520960.0,0.0,784385.557620365,4.438370452007079,239605760.0,3094122496.0,140.352,227885.26122223603,107822.94038680643,1135863218.0,119388939.0,0.06
2026-09-23T21:09:58.016332Z,36.795,linode-2,crdb-linode-2,1.4507253626811711,3365.2,3605.97,8322887680.0,7604736000.0,0.0,94761.8357464071,2.6219908979311026,240777216.0,3196129280.0,137.12,105065.68159493152,80594.40919240171,1114706189.0,1536424694.0,0.3
2026-09-23T21:09:56.694226Z,35.472,azure-1,crdb-azure-1,2.2749752720081173,3479.06,3766.48,8327364608.0,7392108544.0,0.0,533901.9731340574,4.766868877045744,472676352.0,6234907648.0,129.442,470268.0317378855,100959.9092711659,1221085518.0,91477551.0,0.35
2026-09-23T21:09:57.133138Z,35.911,azure-2,crdb-azure-2,1.7335314512152311,3468.34,3736.9100000000003,8327364608.0,7410212864.0,0.0,391219.04480764666,3.1902728123221533,437422080.0,6178599936.0,127.184,333485.67590656946,93444.65645098516,1134243481.0,75652330.0,0.42
2026-09-23T21:09:58.024971Z,36.803,gcp-1,crdb-gcp-1,2.7390438246998494,3475.67,3811.92,8324022272.0,7641534464.0,0.0,98343.62101235366,0.40016121831204843,581703680.0,7497331712.0,59.286,54199.83621426693,475354.5124419454,1914309686.0,3841075592.0,0.3
2026-09-23T21:09:58.035109Z,36.813,client-1,crdb-client-1,1.3506753376687275,3698.0,3866.7400000000002,8324030464.0,7483179008.0,0.0,0.0,0.0,572844032.0,5526500352.0,15.08,70398.06866344165,89864.38659507879,540386527.0,356625034.0,0.0
2026-09-23T21:10:02.646348Z,41.425,linode-1,crdb-linode-1,1.9677093844595261,3304.1,3534.97,8322887680.0,7508115456.0,0.0,687432.4911059426,2.444129097435701,239605760.0,3097497600.0,140.472,52334.50694399039,116173.52954961019,1136120166.0,119959319.0,0.29
2026-09-23T21:10:02.776994Z,41.555,linode-2,crdb-linode-2,1.4743263853582267,3384.58,3625.64,8322887680.0,7600623616.0,0.0,109268.57015950202,1.764456180294683,240777216.0,3196649472.0,137.204,26728.780425470122,85224.7038883802,1114833436.0,1536830421.0,0.28
2026-09-23T21:10:01.680988Z,40.459,azure-1,crdb-azure-1,1.6460905349779176,3498.1800000000003,3785.92,8327364608.0,7401750528.0,0.0,239021.09786263815,1.0828718391409395,472676352.0,6236099584.0,129.496,27647.923903309835,89416.33733066113,1221223391.0,91923447.0,0.32
2026-09-23T21:10:02.010963Z,40.789,azure-2,crdb-azure-2,1.5954709212555263,3487.46,3756.34,8327364608.0,7422152704.0,0.0,247716.53026758897,0.8405370879378277,437422080.0,6179808256.0,127.225,27648.74997605655,88641.81123965516,1134378347.0,76084710.0,0.39
2026-09-23T21:10:02.926240Z,41.704,gcp-1,crdb-gcp-1,0.9654471544718324,3495.16,3831.6,8324022272.0,7639285760.0,0.0,48470.73050806858,0.24483464359545265,581703680.0,7497569280.0,59.298,24205.168981324183,84201.49033664825,1914428322.0,3841488286.0,0.28
2026-09-23T21:10:02.935179Z,41.713,client-1,crdb-client-1,1.023541453425636,3717.34,3886.2799999999997,8324030464.0,7486504960.0,0.0,34272.0696247297,0.08163126339730832,572844032.0,5526668288.0,15.084,34049.82851013051,86291.59222467017,540553374.0,357047870.0,0.0
2026-09-23T21:10:07.604560Z,46.383,linode-1,crdb-linode-1,2.194997447676539,3323.26,3554.56,8322887680.0,7501983744.0,3304.391420523123,678226.3390623711,2.178187703958196,239622144.0,3100860416.0,140.58,45443.046025966134,104178.07914724332,1136345484.0,120475860.0,0.27
2026-09-23T21:10:07.771086Z,46.549,linode-2,crdb-linode-2,1.3071895424824787,3404.21,3645.5299999999997,8322887680.0,7600402432.0,0.0,31166.446787246954,1.3616097743191578,240777216.0,3196805120.0,137.272,21066.906522963687,80402.85693683411,1114938646.0,1537231960.0,0.25
2026-09-23T21:10:06.576956Z,45.355,azure-1,crdb-azure-1,1.507537688445404,3517.7799999999997,3805.82,8327364608.0,7398084608.0,0.0,189072.94617777367,0.9395477050971515,472676352.0,6237025280.0,129.542,21953.757626605282,84600.14335897948,1221330876.0,92337647.0,0.29
2026-09-23T21:10:07.220174Z,45.998,azure-2,crdb-azure-2,1.3547415955844633,3507.12,3776.27,8327364608.0,7425753088.0,0.0,227239.95542728866,0.5375080044304681,437422080.0,6180992000.0,127.253,21740.471074907975,80934.49989852321,1134491598.0,76506316.0,0.36
2026-09-23T21:10:08.183568Z,46.962,gcp-1,crdb-gcp-1,0.9566968781473006,3514.83,3851.46,8324022272.0,7640100864.0,0.0,59991.16847885301,0.13314801242639157,581703680.0,7497884672.0,59.305,24459.28988273548,77457.14432605966,1914556912.0,3841895502.0,0.26
2026-09-23T21:10:07.893626Z,46.672,client-1,crdb-client-1,1.0085728693911666,3736.9700000000003,3906.11,8324030464.0,7486504960.0,0.0,101605.33150581732,0.14117229590257965,572844032.0,5527172096.0,15.091000000000001,32452.889056786724,85466.31296352933,540714291.0,357471653.0,0.0
2026-09-23T21:10:12.605938Z,51.384,linode-1,crdb-linode-1,2.6919242273178767,3342.78,3574.62,8322887680.0,7502053376.0,0.0,662552.4255354796,3.359085516514226,239622144.0,3104174080.0,140.748,52781.43068833483,109903.47967893258,1136609463.0,121025527.0,0.25
2026-09-23T21:10:12.770609Z,51.549,linode-2,crdb-linode-2,1.4112903225816487,3423.77,3665.37,8322887680.0,7597572096.0,0.0,35228.836945332616,1.5201396756029977,240777216.0,3196981248.0,137.348,22716.48726809659,80891.63259827149,1115052218.0,1537636381.0,0.23
2026-09-23T21:10:11.705060Z,50.483,azure-1,crdb-azure-1,1.5067805123040179,3537.39,3825.73,8327364608.0,7403896832.0,0.0,242815.07645104046,0.7410128065524603,472676352.0,6238270464.0,129.58,26500.372992639677,84239.70087245051,1221466773.0,92769638.0,0.27
2026-09-23T21:10:12.080294Z,50.859,azure-2,crdb-azure-2,1.5143866733958955,3526.63,3796.08,8327364608.0,7421067264.0,0.0,201422.79705651873,0.7201431233019936,437422080.0,6181970944.0,127.288,30392.508865484127,93875.80000187617,1134639310.0,76962566.0,0.33
2026-09-23T21:10:12.799563Z,51.578,gcp-1,crdb-gcp-1,0.804424333835374,3534.56,3871.35,8324022272.0,7639625728.0,0.0,30169.628336722795,0.23829985617534669,581703680.0,7498023936.0,59.316,23527.778072651792,91739.16217673152,1914665517.0,3842318973.0,0.24
2026-09-23T21:10:12.796239Z,51.574,client-1,crdb-client-1,1.013684744045984,3756.5,3925.84,8324030464.0,7486263296.0,0.0,8354.72242220741,0.020397271538581004,572844032.0,5527213056.0,15.092,33187.38065686661,86416.91635483864,540876996.0,357895322.0,0.0
2026-09-23T21:10:17.574640Z,56.353,linode-1,crdb-linode-1,1.9133937562945902,3362.26,3594.48,8322887680.0,7500771328.0,0.0,702354.8428153205,2.4151176098128957,239622144.0,3107663872.0,140.868,45783.98830862378,103926.53594626133,1136836950.0,121541907.0,0.23
2026-09-23T21:10:17.849423Z,56.628,linode-2,crdb-linode-2,1.2987012987023872,3443.5299999999997,3685.39,8322887680.0,7597072384.0,0.0,96778.78489305225,1.102622874757751,240777216.0,3197472768.0,137.404,20921.678357708846,78737.11810482312,1115158475.0,1538036271.0,0.21
2026-09-23T21:10:16.582813Z,55.361,azure-1,crdb-azure-1,1.2133468149634896,3556.9300000000003,3845.51,8327364608.0,7390715904.0,0.0,232604.98911883417,0.6355372382922878,472676352.0,6239405056.0,129.61100000000002,23635.629892085675,86277.87031438395,1221582062.0,93190481.0,0.25
2026-09-23T21:10:17.072393Z,55.851,azure-2,crdb-azure-2,1.1622031328955007,3546.19,3815.87,8327364608.0,7416799232.0,0.0,225637.8202003649,0.44069886757894927,437422080.0,6183097344.0,127.31,22130.49490613966,84434.89826309908,1134749787.0,77384071.0,0.3
2026-09-23T21:10:18.247560Z,57.026,gcp-1,crdb-gcp-1,0.6018054162482023,3554.38,3891.29,8324022272.0,7639179264.0,0.0,20299.54348286705,0.16519810777073424,581703680.0,7498134528.0,59.325,18685.190863040883,72935.33168768256,1914767314.0,3842716325.0,0.22
2026-09-23T21:10:18.244119Z,57.022,client-1,crdb-client-1,1.0045203415360082,3776.21,3945.75,8324030464.0,7486267392.0,0.0,27066.741724843574,0.055067427011809486,572844032.0,5527360512.0,15.095,28661.127294925438,77417.64361308968,541033138.0,358317083.0,0.0
2026-09-23T21:10:22.571625Z,61.35,linode-1,crdb-linode-1,8.184143222506046,3380.21,3614.0299999999997,8322887680.0,7490768896.0,0.0,22156278.261709906,8.48509430978487,239622144.0,3218378752.0,141.292,312630.89840223285,11791140.204865122,1138399166.0,180462212.0,0.21
2026-09-23T21:10:23.123869Z,61.902,linode-2,crdb-linode-2,3.5985808413562137,3462.55,3705.12,8322887680.0,7589543936.0,776.5710327375408,5143229.949820733,3.564339701041762,240781312.0,3224600576.0,137.592,7435007.666839649,214878.30439519382,1154374194.0,1539169640.0,0.2
2026-09-23T21:10:21.646139Z,60.424,azure-1,crdb-azure-1,1.7197774405672495,3576.36,3865.28,8327364608.0,7396515840.0,0.0,207902.82836899455,1.5602508132776658,472676352.0,6240457728.0,129.69,39023.05784070232,90533.84969061469,1221779647.0,93648880.0,0.23
2026-09-23T21:10:22.173329Z,60.952,azure-2,crdb-azure-2,2.8301886792460484,3565.76,3836.01,8327364608.0,7421620224.0,0.0,317983.3000131356,1.4899193843338296,437422080.0,6184719360.0,127.386,2920953.8218846275,193849.8823392548,1149649418.0,78372889.0,0.28
2026-09-23T21:10:23.172041Z,61.95,gcp-1,crdb-gcp-1,0.9552538964306523,3574.08,3911.18,8324022272.0,7640936448.0,0.0,249530.31147881047,0.5685912045415338,581703680.0,7499363328.0,59.353,32262.271082262807,108446.38510077512,1914926188.0,3843250364.0,0.2
2026-09-23T21:10:22.868676Z,61.647,client-1,crdb-client-1,0.7568113017158873,3795.88,3965.57,8324030464.0,7485779968.0,0.0,885.7066015798937,0.0,572844032.0,5527364608.0,15.095,26238.40936091452,85326.02452402786,541154479.0,358711678.0,0.0
2026-09-23T21:10:27.566597Z,66.345,linode-1,crdb-linode-1,5.659423951492282,3398.88,3633.82,8322887680.0,7483211776.0,0.0,169744.5774260944,4.564576215885297,239622144.0,3219226624.0,141.52,637678.9049861784,11769465.878015717,1141584364.0,239250544.0,0.19
2026-09-23T21:10:28.147978Z,66.926,linode-2,crdb-linode-2,0.904977375567062,3482.26,3725.01,8322887680.0,7589543936.0,0.0,57069.01438081968,4.299284007483223,240781312.0,3224887296.0,137.808,38187.992114620756,84290.84666246311,1154566054.0,1539593125.0,0.18
2026-09-23T21:10:26.647869Z,65.426,azure-1,crdb-azure-1,3.521126760562532,3595.54,3885.16,8327364608.0,7391694848.0,0.0,3726033.0046438524,3.218853632317057,472676352.0,6259094528.0,129.851,5507787.647694363,309889.6354094035,1249328393.0,95198880.0,0.21
2026-09-23T21:10:27.050818Z,65.829,azure-2,crdb-azure-2,4.079551249363567,3584.5699999999997,3855.62,8327364608.0,7415898112.0,0.0,5602980.033273708,4.613022865960035,437422080.0,6212047872.0,127.611,5030318.14455402,335278.6023627324,1174184774.0,80008209.0,0.26
2026-09-23T21:10:27.898427Z,66.677,gcp-1,crdb-gcp-1,1.0473815461348401,3593.92,3931.23,8324022272.0,7640199168.0,0.0,162057.55896307866,0.21157665096905082,581703680.0,7500129280.0,59.363,24803.5539464087,86727.17342208991,1915043420.0,3843660273.0,0.18
2026-09-23T21:10:27.895553Z,66.674,client-1,crdb-client-1,0.5502751375671577,3815.76,3985.56,8324030464.0,7485788160.0,0.0,62740.7262741262,0.07957174091177872,572844032.0,5527680000.0,15.099,10492.926544685137,72679.23671400845,541207226.0,359077030.0,0.0
2026-09-23T21:10:32.587688Z,71.366,linode-1,crdb-linode-1,2.3302938196557266,3418.16,3653.56,8322887680.0,7482736640.0,0.0,174572.0767521205,6.213776826566459,239622144.0,3220103168.0,141.832,124372.32805498039,145473.07936901646,1142208850.0,239980979.0,0.18
2026-09-23T21:10:32.901077Z,71.679,linode-2,crdb-linode-2,1.0070493454170215,3501.92,3744.87,8322887680.0,7589584896.0,0.0,72386.78849366253,6.395782093469109,240781312.0,3225231360.0,138.112,32523.39349556566,92794.17228591273,1154720642.0,1540034188.0,0.17
2026-09-23T21:10:31.649301Z,70.428,azure-1,crdb-azure-1,3.1882591093122525,3614.67,3904.92,8327364608.0,7395217408.0,0.0,2137501.3692999505,4.558697694044159,472676352.0,6269785088.0,130.079,2373553.735040768,233387.32707573348,1261199552.0,96366150.0,0.19
2026-09-23T21:10:32.150931Z,70.929,azure-2,crdb-azure-2,2.0171457387778036,3604.0,3875.45,8327364608.0,7412367360.0,0.0,301973.02560149186,3.0587568563148158,437422080.0,6213587968.0,127.767,37051.93746031956,97062.00194301506,1174373743.0,80503236.0,0.24
2026-09-23T21:10:32.910278Z,71.689,gcp-1,crdb-gcp-1,0.8525576730194162,3613.69,3951.17,8324022272.0,7639244800.0,0.0,34324.90324037263,0.19952626976603302,581703680.0,7500301312.0,59.373000000000005,23139.859609834075,85778.93721388068,1915159394.0,3844090186.0,0.17
2026-09-23T21:10:32.903955Z,71.682,client-1,crdb-client-1,0.8068582955134129,3835.43,4005.39,8324030464.0,7680528384.0,0.0,77693.21059663716,0.07986555365607381,572844032.0,5528069120.0,15.103,12840.584052940821,75834.73916306012,541271537.0,359456842.0,0.0
