ts_utc,elapsed_s,wall_offset_s,concurrency,repetition,op,tps,tps_cum,errors_cum,p50_ms,p95_ms,p99_ms,pmax_ms,gateway_cpu_pct,gateway_disk_iops,gateway_rss_bytes
2026-09-11T03:38:16.701815Z,1.0,10.143,10,1,read,485.6,562.9,0,1.0,1.5,2.8,37.7,,,
2026-09-11T03:38:16.701815Z,1.0,10.143,10,1,update,104.4,121.0,0,75.5,79.7,83.9,83.9,,,
2026-09-11T03:38:16.701815Z,2.0,11.142,10,1,read,509.8,536.4,0,1.0,1.2,1.5,2.2,,,
2026-09-11T03:38:16.701815Z,2.0,11.142,10,1,update,128.9,125.0,0,75.5,75.5,75.5,75.5,,,
2026-09-11T03:38:16.701815Z,3.0,12.142,10,1,read,482.1,518.3,0,1.0,1.3,1.9,2.6,,,
2026-09-11T03:38:16.701815Z,3.0,12.142,10,1,update,122.0,124.0,0,75.5,109.1,151.0,167.8,,,
2026-09-11T03:38:16.701815Z,4.0,13.148,10,1,read,544.9,524.9,0,0.9,1.1,1.4,1.7,,,
2026-09-11T03:38:16.701815Z,4.0,13.148,10,1,update,130.0,125.5,0,75.5,75.5,75.5,75.5,,,
2026-09-11T03:38:16.701815Z,5.0,14.156,10,1,read,562.8,532.5,0,1.0,1.2,1.4,1.7,,,
2026-09-11T03:38:16.701815Z,5.0,14.156,10,1,update,128.0,126.0,0,75.5,75.5,88.1,88.1,,,
2026-09-11T03:38:16.701815Z,6.0,15.142,10,1,read,569.2,538.6,0,0.9,1.2,1.3,1.6,,,
2026-09-11T03:38:16.701815Z,6.0,15.142,10,1,update,128.1,126.3,0,75.5,75.5,79.7,79.7,,,
2026-09-11T03:38:16.701815Z,7.0,16.143,10,1,read,499.1,533.0,0,1.0,1.4,2.1,3.4,,,
2026-09-11T03:38:16.701815Z,7.0,16.143,10,1,update,126.0,126.3,0,75.5,75.5,79.7,79.7,,,
2026-09-11T03:38:16.701815Z,8.0,17.142,10,1,read,461.6,524.1,0,1.0,1.2,1.5,1.8,,,
2026-09-11T03:38:16.701815Z,8.0,17.142,10,1,update,129.9,126.7,0,75.5,75.5,88.1,88.1,,,
2026-09-11T03:38:16.701815Z,9.0,18.141,10,1,read,442.1,515.0,0,1.0,1.2,1.3,1.6,,,
2026-09-11T03:38:16.701815Z,9.0,18.141,10,1,update,130.0,127.1,0,75.5,75.5,79.7,79.7,,,
2026-09-11T03:38:16.701815Z,10.0,19.144,10,1,read,463.3,509.8,0,1.0,1.2,1.5,1.9,,,
2026-09-11T03:38:16.701815Z,10.0,19.144,10,1,update,129.1,127.3,0,75.5,75.5,75.5,75.5,,,
2026-09-11T03:38:16.701815Z,11.0,20.14,10,1,read,464.9,505.7,0,1.0,1.2,1.3,1.5,,,
2026-09-11T03:38:16.701815Z,11.0,20.14,10,1,update,128.0,127.4,0,75.5,75.5,75.5,75.5,,,
2026-09-11T03:38:16.701815Z,12.0,21.141,10,1,read,519.8,506.9,0,1.0,1.2,1.4,2.0,,,
2026-09-11T03:38:16.701815Z,12.0,21.141,10,1,update,127.9,127.4,0,75.5,75.5,83.9,88.1,,,
2026-09-11T03:38:16.701815Z,13.0,22.142,10,1,read,568.9,511.7,0,1.0,1.2,1.4,1.8,,,
2026-09-11T03:38:16.701815Z,13.0,22.142,10,1,update,127.0,127.4,0,75.5,75.5,75.5,75.5,,,
2026-09-11T03:38:16.701815Z,14.0,23.141,10,1,read,454.2,507.6,0,1.0,1.2,1.3,1.5,,,
2026-09-11T03:38:16.701815Z,14.0,23.141,10,1,update,129.1,127.5,0,75.5,75.5,75.5,75.5,,,
2026-09-11T03:38:16.701815Z,15.0,24.14,10,1,read,509.2,507.7,0,1.0,1.2,1.2,2.4,,,
2026-09-11T03:38:16.701815Z,15.0,24.14,10,1,update,129.1,127.6,0,75.5,75.5,75.5,75.5,,,
2026-09-11T03:38:16.701815Z,16.0,25.142,10,1,read,466.9,505.1,0,1.0,1.4,2.9,4.5,,,
2026-09-11T03:38:16.701815Z,16.0,25.142,10,1,update,129.0,127.7,0,75.5,79.7,79.7,88.1,,,
2026-09-11T03:38:16.701815Z,17.0,26.14,10,1,read,390.1,498.3,0,1.0,1.9,2.5,3.1,,,
2026-09-11T03:38:16.701815Z,17.0,26.14,10,1,update,127.0,127.6,0,75.5,75.5,79.7,79.7,,,
2026-09-11T03:38:16.701815Z,18.0,27.143,10,1,read,452.8,495.8,0,1.0,1.2,1.4,2.2,,,
2026-09-11T03:38:16.701815Z,18.0,27.143,10,1,update,128.9,127.7,0,75.5,75.5,75.5,79.7,,,
2026-09-11T03:38:16.701815Z,19.0,28.142,10,1,read,444.9,493.1,0,1.0,1.4,1.7,2.5,,,
2026-09-11T03:38:16.701815Z,19.0,28.142,10,1,update,129.0,127.8,0,75.5,75.5,79.7,79.7,,,
2026-09-11T03:38:16.701815Z,20.0,29.175,10,1,read,384.3,487.7,0,1.0,1.3,1.5,1.8,,,
2026-09-11T03:38:16.701815Z,20.0,29.175,10,1,update,86.1,125.7,0,75.5,75.5,83.9,92.3,,,
2026-09-11T03:38:16.701815Z,21.0,30.142,10,1,read,0.0,464.5,0,0.0,0.0,0.0,0.0,,,
2026-09-11T03:38:16.701815Z,21.0,30.142,10,1,update,0.0,119.7,0,0.0,0.0,0.0,0.0,,,
2026-09-11T03:38:16.701815Z,22.0,31.146,10,1,read,0.0,443.4,0,0.0,0.0,0.0,0.0,,,
2026-09-11T03:38:16.701815Z,22.0,31.146,10,1,update,0.0,114.3,0,0.0,0.0,0.0,0.0,,,
2026-09-11T03:38:16.701815Z,23.0,32.146,10,1,read,0.0,424.1,0,0.0,0.0,0.0,0.0,,,
2026-09-11T03:38:16.701815Z,23.0,32.146,10,1,update,0.0,109.3,0,0.0,0.0,0.0,0.0,,,
2026-09-11T03:38:16.701815Z,24.0,33.181,10,1,read,0.0,406.4,0,0.0,0.0,0.0,0.0,,,
2026-09-11T03:38:16.701815Z,24.0,33.181,10,1,update,0.0,104.7,0,0.0,0.0,0.0,0.0,,,
2026-09-11T03:38:16.701815Z,25.0,34.146,10,1,read,0.0,390.1,0,0.0,0.0,0.0,0.0,,,
2026-09-11T03:38:16.701815Z,25.0,34.146,10,1,update,0.0,100.6,0,0.0,0.0,0.0,0.0,,,
2026-09-11T03:38:16.701815Z,26.0,35.142,10,1,read,0.0,375.1,0,0.0,0.0,0.0,0.0,,,
2026-09-11T03:38:16.701815Z,26.0,35.142,10,1,update,0.0,96.7,0,0.0,0.0,0.0,0.0,,,
2026-09-11T03:38:16.701815Z,27.0,36.142,10,1,read,0.0,361.2,0,0.0,0.0,0.0,0.0,,,
2026-09-11T03:38:16.701815Z,27.0,36.142,10,1,update,0.0,93.1,0,0.0,0.0,0.0,0.0,,,
2026-09-11T03:38:16.701815Z,28.0,37.141,10,1,read,0.0,348.4,0,0.0,0.0,0.0,0.0,,,
2026-09-11T03:38:16.701815Z,28.0,37.141,10,1,update,0.0,89.8,0,0.0,0.0,0.0,0.0,,,
2026-09-11T03:38:16.701815Z,29.0,38.141,10,1,read,0.0,336.3,0,0.0,0.0,0.0,0.0,,,
2026-09-11T03:38:16.701815Z,29.0,38.141,10,1,update,0.0,86.7,0,0.0,0.0,0.0,0.0,,,
2026-09-11T03:38:16.701815Z,30.0,39.148,10,1,read,0.0,325.1,0,0.0,0.0,0.0,0.0,,,
2026-09-11T03:38:16.701815Z,30.0,39.148,10,1,update,0.0,83.8,0,0.0,0.0,0.0,0.0,,,
2026-09-11T03:38:16.701815Z,31.0,40.142,10,1,read,0.0,314.6,0,0.0,0.0,0.0,0.0,,,
2026-09-11T03:38:16.701815Z,31.0,40.142,10,1,update,0.0,81.1,0,0.0,0.0,0.0,0.0,,,
2026-09-11T03:38:16.701815Z,32.0,41.141,10,1,read,0.0,304.8,0,0.0,0.0,0.0,0.0,,,
2026-09-11T03:38:16.701815Z,32.0,41.141,10,1,update,0.0,78.6,0,0.0,0.0,0.0,0.0,,,
2026-09-11T03:38:16.701815Z,33.0,42.142,10,1,read,0.0,295.6,0,0.0,0.0,0.0,0.0,,,
2026-09-11T03:38:16.701815Z,33.0,42.142,10,1,update,0.0,76.2,0,0.0,0.0,0.0,0.0,,,
2026-09-11T03:38:16.701815Z,34.0,43.142,10,1,read,0.0,286.9,0,0.0,0.0,0.0,0.0,,,
2026-09-11T03:38:16.701815Z,34.0,43.142,10,1,update,0.0,73.9,0,0.0,0.0,0.0,0.0,,,
2026-09-11T03:38:16.701815Z,35.0,44.146,10,1,read,0.0,278.7,0,0.0,0.0,0.0,0.0,,,
2026-09-11T03:38:16.701815Z,35.0,44.146,10,1,update,0.0,71.8,0,0.0,0.0,0.0,0.0,,,
2026-09-11T03:38:16.701815Z,36.0,45.141,10,1,read,0.0,270.9,0,0.0,0.0,0.0,0.0,,,
2026-09-11T03:38:16.701815Z,36.0,45.141,10,1,update,0.0,69.8,0,0.0,0.0,0.0,0.0,,,
2026-09-11T03:38:16.701815Z,37.0,46.141,10,1,read,0.0,263.6,10,0.0,0.0,0.0,0.0,,,
2026-09-11T03:38:16.701815Z,37.0,46.141,10,1,update,0.0,67.9,10,0.0,0.0,0.0,0.0,,,
2026-09-11T03:38:16.701815Z,38.0,47.143,10,1,read,0.0,256.7,10,0.0,0.0,0.0,0.0,,,
2026-09-11T03:38:16.701815Z,38.0,47.143,10,1,update,0.0,66.2,10,0.0,0.0,0.0,0.0,,,
2026-09-11T03:38:16.701815Z,39.0,48.16,10,1,read,27.0,250.8,10,19.9,22.0,23.1,23.1,,,
2026-09-11T03:38:16.701815Z,39.0,48.16,10,1,update,0.0,64.5,10,0.0,0.0,0.0,0.0,,,
2026-09-11T03:38:16.701815Z,40.0,49.145,10,1,read,135.0,247.9,10,18.9,19.9,21.0,21.0,,,
2026-09-11T03:38:16.701815Z,40.0,49.145,10,1,update,39.0,63.8,10,209.7,209.7,209.7,209.7,,,
2026-09-11T03:38:16.701815Z,41.0,50.142,10,1,read,126.0,244.9,10,19.9,19.9,19.9,19.9,,,
2026-09-11T03:38:16.701815Z,41.0,50.142,10,1,update,38.0,63.2,10,209.7,209.7,209.7,209.7,,,
2026-09-11T03:38:16.701815Z,42.0,51.142,10,1,read,133.1,242.3,10,18.9,19.9,23.1,24.1,,,
2026-09-11T03:38:16.701815Z,42.0,51.142,10,1,update,38.0,62.6,10,209.7,209.7,209.7,209.7,,,
2026-09-11T03:38:16.701815Z,43.0,52.143,10,1,read,145.9,240.0,10,18.9,19.9,35.7,35.7,,,
2026-09-11T03:38:16.701815Z,43.0,52.143,10,1,update,34.0,61.9,10,209.7,209.7,209.7,209.7,,,
2026-09-11T03:38:16.701815Z,44.0,53.142,10,1,read,191.1,238.9,10,18.9,19.9,19.9,19.9,,,
2026-09-11T03:38:16.701815Z,44.0,53.142,10,1,update,30.0,61.2,10,209.7,209.7,209.7,209.7,,,
2026-09-11T03:38:16.701815Z,45.0,54.142,10,1,read,112.0,236.1,10,18.9,19.9,19.9,19.9,,,
2026-09-11T03:38:16.701815Z,45.0,54.142,10,1,update,40.0,60.7,10,209.7,209.7,209.7,209.7,,,
2026-09-11T03:38:16.701815Z,46.0,55.145,10,1,read,168.0,234.6,10,18.9,19.9,19.9,19.9,,,
2026-09-11T03:38:16.701815Z,46.0,55.145,10,1,update,37.0,60.2,10,209.7,209.7,209.7,209.7,,,
2026-09-11T03:38:16.701815Z,47.0,56.142,10,1,read,132.9,232.4,10,18.9,19.9,22.0,23.1,,,
2026-09-11T03:38:16.701815Z,47.0,56.142,10,1,update,36.0,59.7,10,209.7,209.7,209.7,209.7,,,
2026-09-11T03:38:16.701815Z,48.0,57.142,10,1,read,163.0,231.0,10,18.9,19.9,27.3,30.4,,,
2026-09-11T03:38:16.701815Z,48.0,57.142,10,1,update,34.0,59.2,10,209.7,209.7,209.7,209.7,,,
2026-09-11T03:38:16.701815Z,49.0,58.142,10,1,read,107.0,228.5,10,18.9,19.9,19.9,19.9,,,
2026-09-11T03:38:16.701815Z,49.0,58.142,10,1,update,39.0,58.8,10,209.7,209.7,209.7,209.7,,,
2026-09-11T03:38:16.701815Z,50.0,59.142,10,1,read,135.0,226.6,10,18.9,19.9,19.9,19.9,,,
2026-09-11T03:38:16.701815Z,50.0,59.142,10,1,update,38.0,58.3,10,209.7,209.7,209.7,209.7,,,
2026-09-11T03:38:16.701815Z,51.0,60.143,10,1,read,159.9,225.3,10,18.9,19.9,19.9,19.9,,,
2026-09-11T03:38:16.701815Z,51.0,60.143,10,1,update,33.0,57.8,10,209.7,209.7,209.7,209.7,,,
2026-09-11T03:38:16.701815Z,52.0,61.143,10,1,read,158.1,224.0,10,18.9,19.9,19.9,19.9,,,
2026-09-11T03:38:16.701815Z,52.0,61.143,10,1,update,36.0,57.4,10,209.7,209.7,209.7,209.7,,,
2026-09-11T03:38:16.701815Z,53.0,62.142,10,1,read,139.0,222.4,10,18.9,19.9,19.9,19.9,,,
2026-09-11T03:38:16.701815Z,53.0,62.142,10,1,update,36.0,57.0,10,209.7,209.7,209.7,209.7,,,
2026-09-11T03:38:16.701815Z,54.0,63.147,10,1,read,177.1,221.6,10,18.9,19.9,19.9,19.9,,,
2026-09-11T03:38:16.701815Z,54.0,63.147,10,1,update,33.0,56.6,10,209.7,209.7,209.7,209.7,,,
2026-09-11T03:38:16.701815Z,55.0,64.142,10,1,read,141.9,220.1,10,18.9,19.9,19.9,19.9,,,
2026-09-11T03:38:16.701815Z,55.0,64.142,10,1,update,37.0,56.2,10,209.7,209.7,209.7,209.7,,,
2026-09-11T03:38:16.701815Z,56.0,65.142,10,1,read,118.0,218.3,10,18.9,19.9,19.9,21.0,,,
2026-09-11T03:38:16.701815Z,56.0,65.142,10,1,update,38.0,55.9,10,209.7,209.7,209.7,209.7,,,
2026-09-11T03:38:16.701815Z,57.0,66.142,10,1,read,127.0,216.7,10,18.9,19.9,21.0,24.1,,,
2026-09-11T03:38:16.701815Z,57.0,66.142,10,1,update,37.0,55.6,10,209.7,209.7,218.1,218.1,,,
2026-09-11T03:38:16.701815Z,58.0,67.142,10,1,read,129.0,215.2,10,18.9,19.9,21.0,21.0,,,
2026-09-11T03:38:16.701815Z,58.0,67.142,10,1,update,36.0,55.2,10,209.7,209.7,218.1,218.1,,,
2026-09-11T03:38:16.701815Z,59.0,68.144,10,1,read,125.0,213.6,10,18.9,19.9,21.0,33.6,,,
2026-09-11T03:38:16.701815Z,59.0,68.144,10,1,update,38.0,54.9,10,209.7,209.7,209.7,209.7,,,
2026-09-11T03:38:16.701815Z,60.0,69.182,10,1,read,167.0,212.9,10,18.9,19.9,19.9,21.0,,,
2026-09-11T03:38:16.701815Z,60.0,69.182,10,1,update,33.0,54.6,10,209.7,209.7,218.1,218.1,,,
2026-09-11T03:38:16.701815Z,61.0,70.144,10,1,read,130.0,211.5,10,18.9,19.9,19.9,21.0,,,
2026-09-11T03:38:16.701815Z,61.0,70.144,10,1,update,38.0,54.3,10,209.7,209.7,209.7,209.7,,,
2026-09-11T03:38:16.701815Z,62.0,71.146,10,1,read,135.0,210.3,10,18.9,19.9,19.9,19.9,,,
2026-09-11T03:38:16.701815Z,62.0,71.146,10,1,update,38.0,54.0,10,209.7,209.7,218.1,218.1,,,
2026-09-11T03:38:16.701815Z,63.0,72.142,10,1,read,152.0,209.3,10,18.9,19.9,37.7,41.9,,,
2026-09-11T03:38:16.701815Z,63.0,72.142,10,1,update,33.0,53.7,10,209.7,209.7,209.7,209.7,,,
2026-09-11T03:38:16.701815Z,64.0,73.145,10,1,read,138.9,208.2,10,18.9,19.9,19.9,19.9,,,
2026-09-11T03:38:16.701815Z,64.0,73.145,10,1,update,36.0,53.4,10,209.7,209.7,209.7,209.7,,,
2026-09-11T03:38:16.701815Z,65.0,74.144,10,1,read,113.0,206.8,10,18.9,19.9,19.9,19.9,,,
2026-09-11T03:38:16.701815Z,65.0,74.144,10,1,update,40.0,53.2,10,209.7,209.7,218.1,218.1,,,
2026-09-11T03:38:16.701815Z,66.0,75.146,10,1,read,142.0,205.8,10,18.9,19.9,19.9,21.0,,,
2026-09-11T03:38:16.701815Z,66.0,75.146,10,1,update,35.0,52.9,10,209.7,209.7,218.1,218.1,,,
2026-09-11T03:38:16.701815Z,67.0,76.144,10,1,read,157.1,205.1,10,18.9,19.9,19.9,22.0,,,
2026-09-11T03:38:16.701815Z,67.0,76.144,10,1,update,35.0,52.7,10,209.7,209.7,209.7,209.7,,,
2026-09-11T03:38:16.701815Z,68.0,77.143,10,1,read,168.9,204.5,10,18.9,19.9,23.1,26.2,,,
2026-09-11T03:38:16.701815Z,68.0,77.143,10,1,update,32.0,52.4,10,209.7,209.7,218.1,218.1,,,
2026-09-11T03:38:16.701815Z,69.0,78.145,10,1,read,135.0,203.5,10,18.9,19.9,19.9,21.0,,,
2026-09-11T03:38:16.701815Z,69.0,78.145,10,1,update,37.0,52.1,10,209.7,209.7,218.1,218.1,,,
2026-09-11T03:38:16.701815Z,70.0,79.145,10,1,read,161.0,202.9,10,18.9,19.9,19.9,19.9,,,
2026-09-11T03:38:16.701815Z,70.0,79.145,10,1,update,49.0,52.1,10,209.7,209.7,209.7,209.7,,,
2026-09-11T03:38:16.701815Z,71.0,80.143,10,1,read,239.1,203.4,10,18.9,19.9,19.9,19.9,,,
2026-09-11T03:38:16.701815Z,71.0,80.143,10,1,update,62.0,52.2,10,88.1,104.9,109.1,113.2,,,
2026-09-11T03:38:16.701815Z,72.0,81.144,10,1,read,218.9,203.7,20,18.9,19.9,19.9,21.0,,,
2026-09-11T03:38:16.701815Z,72.0,81.144,10,1,update,60.0,52.3,20,88.1,92.3,92.3,92.3,,,
2026-09-11T03:38:16.701815Z,73.0,82.145,10,1,read,0.0,200.9,20,0.0,0.0,0.0,0.0,,,
2026-09-11T03:38:16.701815Z,73.0,82.145,10,1,update,0.0,51.6,20,0.0,0.0,0.0,0.0,,,
2026-09-11T03:38:16.701815Z,74.0,83.145,10,1,read,54.0,198.9,20,21.0,21.0,21.0,21.0,,,
2026-09-11T03:38:16.701815Z,74.0,83.145,10,1,update,16.0,51.1,20,109.1,109.1,109.1,109.1,,,
2026-09-11T03:38:16.701815Z,75.0,84.147,10,1,read,229.9,199.3,20,19.9,21.0,21.0,21.0,,,
2026-09-11T03:38:16.701815Z,75.0,84.147,10,1,update,50.0,51.1,20,109.1,109.1,109.1,109.1,,,
2026-09-11T03:38:16.701815Z,76.0,85.143,10,1,read,227.0,199.7,20,19.9,21.0,21.0,23.1,,,
2026-09-11T03:38:16.701815Z,76.0,85.143,10,1,update,54.0,51.2,20,109.1,109.1,109.1,113.2,,,
2026-09-11T03:38:16.701815Z,77.0,86.159,10,1,read,245.1,200.2,20,19.9,21.0,23.1,24.1,,,
2026-09-11T03:38:16.701815Z,77.0,86.159,10,1,update,46.0,51.1,20,109.1,113.2,113.2,113.2,,,
2026-09-11T03:38:16.701815Z,78.0,87.144,10,1,read,188.9,200.1,20,21.0,25.2,29.4,50.3,,,
2026-09-11T03:38:16.701815Z,78.0,87.144,10,1,update,53.0,51.1,20,113.2,121.6,130.0,130.0,,,
2026-09-11T03:38:16.701815Z,79.0,88.144,10,1,read,156.1,199.5,20,21.0,31.5,32.5,33.6,,,
2026-09-11T03:38:16.701815Z,79.0,88.144,10,1,update,54.0,51.2,20,117.4,130.0,159.4,234.9,,,
2026-09-11T03:38:16.701815Z,80.0,89.188,10,1,read,144.9,198.9,20,22.0,27.3,30.4,31.5,,,
2026-09-11T03:38:16.701815Z,80.0,89.188,10,1,update,40.0,51.0,20,113.2,121.6,130.0,130.0,,,
2026-09-11T03:38:16.701815Z,81.0,90.145,10,1,read,235.0,199.3,20,21.0,25.2,402.7,402.7,,,
2026-09-11T03:38:16.701815Z,81.0,90.145,10,1,update,40.0,50.9,20,109.1,453.0,486.5,486.5,,,
2026-09-11T03:38:16.701815Z,82.0,91.149,10,1,read,211.1,199.5,20,19.9,21.0,23.1,37.7,,,
2026-09-11T03:38:16.701815Z,82.0,91.149,10,1,update,52.0,50.9,20,109.1,109.1,109.1,121.6,,,
2026-09-11T03:38:16.701815Z,83.0,92.143,10,1,read,186.1,199.3,20,21.0,21.0,22.0,35.7,,,
2026-09-11T03:38:16.701815Z,83.0,92.143,10,1,update,59.0,51.0,20,109.1,109.1,109.1,113.2,,,
2026-09-11T03:38:16.701815Z,84.0,93.144,10,1,read,177.9,199.0,20,19.9,21.0,21.0,21.0,,,
2026-09-11T03:38:16.701815Z,84.0,93.144,10,1,update,59.0,51.1,20,109.1,109.1,109.1,109.1,,,
2026-09-11T03:38:16.701815Z,85.0,94.148,10,1,read,245.9,199.6,20,19.9,21.0,21.0,31.5,,,
2026-09-11T03:38:16.701815Z,85.0,94.148,10,1,update,49.0,51.1,20,109.1,109.1,109.1,109.1,,,
2026-09-11T03:38:16.701815Z,86.0,95.147,10,1,read,207.9,199.7,20,21.0,22.0,27.3,32.5,,,
2026-09-11T03:38:16.701815Z,86.0,95.147,10,1,update,53.0,51.1,20,109.1,113.2,125.8,125.8,,,
2026-09-11T03:38:16.701815Z,87.0,96.143,10,1,read,193.0,199.6,20,21.0,21.0,24.1,33.6,,,
2026-09-11T03:38:16.701815Z,87.0,96.143,10,1,update,57.0,51.2,20,109.1,109.1,109.1,117.4,,,
2026-09-11T03:38:16.701815Z,88.0,97.144,10,1,read,212.1,199.7,20,19.9,21.0,21.0,32.5,,,
2026-09-11T03:38:16.701815Z,88.0,97.144,10,1,update,55.0,51.2,20,109.1,109.1,109.1,113.2,,,
2026-09-11T03:38:16.701815Z,89.0,98.146,10,1,read,208.9,199.9,20,19.9,21.0,22.0,32.5,,,
2026-09-11T03:38:16.701815Z,89.0,98.146,10,1,update,54.0,51.2,20,109.1,109.1,109.1,113.2,,,
2026-09-11T03:38:16.701815Z,90.0,99.144,10,1,read,221.0,200.1,20,19.9,21.0,21.0,22.0,,,
2026-09-11T03:38:16.701815Z,90.0,99.144,10,1,update,53.0,51.3,20,109.1,109.1,109.1,109.1,,,
2026-09-11T03:38:16.701815Z,91.0,100.147,10,1,read,229.1,200.4,20,19.9,21.0,21.0,33.6,,,
2026-09-11T03:38:16.701815Z,91.0,100.147,10,1,update,50.0,51.2,20,109.1,109.1,109.1,109.1,,,
2026-09-11T03:38:16.701815Z,92.0,101.152,10,1,read,179.9,200.2,20,21.0,21.0,21.0,21.0,,,
2026-09-11T03:38:16.701815Z,92.0,101.152,10,1,update,59.0,51.3,20,109.1,109.1,109.1,109.1,,,
2026-09-11T03:38:16.701815Z,93.0,102.147,10,1,read,220.2,200.4,20,19.9,21.0,21.0,23.1,,,
2026-09-11T03:38:16.701815Z,93.0,102.147,10,1,update,54.0,51.4,20,109.1,109.1,109.1,109.1,,,
2026-09-11T03:38:16.701815Z,94.0,103.147,10,1,read,189.0,200.3,20,19.9,21.0,21.0,21.0,,,
2026-09-11T03:38:16.701815Z,94.0,103.147,10,1,update,60.0,51.4,20,109.1,109.1,109.1,109.1,,,
2026-09-11T03:38:16.701815Z,95.0,104.145,10,1,read,221.9,200.5,20,19.9,21.0,21.0,75.5,,,
2026-09-11T03:38:16.701815Z,95.0,104.145,10,1,update,50.0,51.4,20,109.1,109.1,109.1,109.1,,,
2026-09-11T03:38:16.701815Z,96.0,105.145,10,1,read,194.0,200.4,20,19.9,21.0,25.2,27.3,,,
2026-09-11T03:38:16.701815Z,96.0,105.145,10,1,update,57.0,51.5,20,109.1,113.2,113.2,125.8,,,
2026-09-11T03:38:16.701815Z,97.0,106.145,10,1,read,243.9,200.9,20,19.9,21.0,22.0,22.0,,,
2026-09-11T03:38:16.701815Z,97.0,106.145,10,1,update,48.0,51.5,20,109.1,109.1,109.1,109.1,,,
2026-09-11T03:38:16.701815Z,98.0,107.144,10,1,read,200.0,200.9,20,19.9,24.1,71.3,109.1,,,
2026-09-11T03:38:16.701815Z,98.0,107.144,10,1,update,52.0,51.5,20,109.1,113.2,113.2,117.4,,,
2026-09-11T03:38:16.701815Z,99.0,108.147,10,1,read,225.1,201.1,20,19.9,21.0,22.0,22.0,,,
2026-09-11T03:38:16.701815Z,99.0,108.147,10,1,update,50.0,51.4,20,109.1,159.4,192.9,192.9,,,
2026-09-11T03:38:16.701815Z,100.0,109.148,10,1,read,216.0,201.3,20,19.9,21.0,21.0,39.8,,,
2026-09-11T03:38:16.701815Z,100.0,109.148,10,1,update,54.0,51.5,20,109.1,109.1,109.1,109.1,,,
2026-09-11T03:38:16.701815Z,101.0,110.144,10,1,read,174.0,201.0,20,19.9,21.0,21.0,21.0,,,
2026-09-11T03:38:16.701815Z,101.0,110.144,10,1,update,62.0,51.6,20,109.1,109.1,109.1,109.1,,,
2026-09-11T03:38:16.701815Z,102.0,111.143,10,1,read,202.0,201.0,20,19.9,21.0,22.0,31.5,,,
2026-09-11T03:38:16.701815Z,102.0,111.143,10,1,update,55.0,51.6,20,109.1,117.4,125.8,125.8,,,
2026-09-11T03:38:16.701815Z,103.0,112.144,10,1,read,192.9,200.9,20,19.9,21.0,21.0,21.0,,,
2026-09-11T03:38:16.701815Z,103.0,112.144,10,1,update,57.0,51.7,20,109.1,109.1,109.1,109.1,,,
2026-09-11T03:38:16.701815Z,104.0,113.145,10,1,read,200.1,200.9,20,19.9,21.0,21.0,32.5,,,
2026-09-11T03:38:16.701815Z,104.0,113.145,10,1,update,58.0,51.7,20,109.1,109.1,109.1,109.1,,,
2026-09-11T03:38:16.701815Z,105.0,114.146,10,1,read,242.0,201.3,20,19.9,21.0,21.0,21.0,,,
2026-09-11T03:38:16.701815Z,105.0,114.146,10,1,update,48.0,51.7,20,109.1,109.1,109.1,109.1,,,
